id,stock_id,date,year,month,price,qty,amt,net,status,kind
426,31,2017-04-17,2017,4,3.76,10000,37600.0,37683.28,Sold,HD
657,145,2019-11-20,2019,11,5.31,18000,95580.0,95851.83,Sold,DTD
805,167,2021-02-01,2021,2,1.1,240000,264000.0,264584.73,Sold,DTD
645,24,2019-08-28,2019,8,6.35,5000,31750.0,31820.32,Sold,DTD
758,31,2020-08-19,2020,8,2.94,60000,176400.0,176790.71,Sold,DTD
647,24,2019-09-03,2019,9,6.35,5000,31750.0,31820.32,Sold,DTD
648,110,2019-09-04,2019,9,10.3,6000,61800.0,61936.89,Sold,DIV
649,129,2014-06-25,2014,6,17.9,3000,53700.0,53818.94,Sold,DIV
652,129,2014-06-25,2014,6,17.9,4000,71600.0,71758.58,Sold,DIV
654,129,2019-11-11,2019,11,32.0,4000,128000.0,128283.51,Sold,DIV
655,110,2019-11-12,2019,11,10.3,6000,61800.0,61936.89,Sold,DIV
656,24,2019-11-15,2019,11,6.35,10000,63500.0,63640.65,Sold,DTD
653,43,2019-11-11,2019,11,16.7,5000,83500.0,83684.95,Sold,HD
984,183,2021-08-11,2021,8,39.0,1000,39000.0,39086.38,Sold,DTD
639,82,2019-08-05,2019,8,3.76,35000,131600.0,131891.48,Sold,TP
640,131,2019-08-09,2019,8,125.0,1200,150000.0,150332.24,Sold,SS
470,50,2018-02-06,2018,2,20.5,5000,102500.0,102727.03,Sold,TP
497,54,2018-03-05,2018,3,53.45,2200,117590.0,117850.45,Sold,TP
584,125,2018-11-15,2018,11,9.4,5000,47000.0,47104.1,Sold,DTD
473,14,2018-02-06,2018,2,23.0,4000,92000.0,92203.77,Sold,TP
912,27,2021-06-09,2021,6,42.0,3000,126000.0,126279.08,Sold,DTD
475,122,2018-02-09,2018,2,7.35,10000,73500.0,73662.8,Sold,TP
476,3,2018-02-12,2018,2,7.85,27000,211950.0,212419.45,Sold,TP
477,27,2018-02-12,2018,2,53.0,2000,106000.0,106234.78,Sold,TP
478,15,2018-02-14,2018,2,28.0,6000,168000.0,168372.1,Sold,TP
479,131,2018-02-14,2018,2,110.0,600,66000.0,66146.18,Sold,TP
480,133,2018-02-15,2018,2,6.4,45000,288000.0,288637.89,Sold,TP
537,48,2018-07-12,2018,7,9.95,10000,99500.0,99720.39,Sold,HD
482,85,2018-02-15,2018,2,74.5,4000,298000.0,298660.04,Sold,TP
483,89,2018-02-15,2018,2,4.18,60000,250800.0,251355.5,Sold,TP
484,134,2018-02-20,2018,2,20.4,4000,81600.0,81780.73,Sold,TP
485,122,2018-02-09,2018,2,7.25,45000,326250.0,326972.61,Sold,TP
486,118,2018-02-21,2018,2,25.5,12000,306000.0,306677.76,Sold,TP
487,27,2018-02-22,2018,2,49.0,3000,147000.0,147325.59,Sold,SS
488,28,2018-02-22,2018,2,7.88,15000,118200.0,118461.8,Sold,TP
489,135,2018-02-22,2018,2,5.3,10000,53000.0,53117.39,Sold,DIV
512,137,2018-05-14,2018,5,38.75,2500,96875.0,97089.57,Sold,TP
491,118,2018-02-21,2018,2,25.5,4000,102000.0,102225.92,Sold,TP
492,131,2018-02-14,2018,2,110.0,1000,110000.0,110243.64,Sold,TP
614,28,2019-05-08,2019,5,5.8,25000,145000.0,145321.16,Sold,TP
494,66,2018-03-02,2018,3,8.3,9900,82170.0,82352.0,Sold,TP
564,137,2018-05-14,2018,5,38.75,2500,96875.0,97089.57,Sold,TP
431,50,2017-12-12,2017,12,19.0,5000,95000.0,95210.42,Sold,TP
660,24,2019-11-29,2019,11,6.35,15000,95250.0,95460.97,Sold,DTD
661,24,2019-12-09,2019,12,6.35,5000,31750.0,31820.32,Sold,DTD
455,119,2017-10-19,2017,10,68.5,1000,68500.0,68651.73,Sold,TP
432,110,2017-12-13,2017,12,10.3,6000,61800.0,61936.89,Sold,DIV
682,58,2016-01-02,2016,1,25.0,10000,250000.0,250553.73,Sold,TP
663,145,2019-12-09,2019,12,5.31,18000,95580.0,95851.83,Sold,DTD
664,129,2019-12-13,2019,12,29.25,3000,87750.0,87944.35,Sold,DIV
665,145,2019-12-24,2019,12,5.31,18000,95580.0,95851.83,Sold,DTD
668,145,2020-01-06,2020,1,5.31,18000,95580.0,95851.83,Sold,DTD
461,115,2018-01-26,2018,1,23.4,3000,70200.0,70355.48,Sold,DTD
462,128,2018-01-26,2018,1,10.0,30000,300000.0,300664.47,Sold,TP
463,31,2015-05-06,2015,5,3.76,20000,75200.0,75366.56,Sold,TP
464,14,2018-01-29,2018,1,24.0,12000,288000.0,288637.89,Sold,TP
465,127,2018-01-08,2018,1,42.0,2000,84000.0,84186.05,Sold,TP
466,109,2018-02-05,2018,2,85.0,6000,510000.0,511129.6,Sold,TP
428,31,2016-08-22,2016,8,3.76,100000,376000.0,376832.8,Sold,HD
421,109,2017-12-04,2017,12,78.0,500,39000.0,39086.38,Sold,TP
420,1,2017-12-04,2017,12,25.5,12000,306000.0,306677.76,Sold,TP
674,146,2020-03-05,2020,3,14.2,12900,183180.0,183585.72,Sold,DIV
638,110,2019-07-26,2019,7,10.3,6000,61800.0,61936.89,Sold,DIV
523,3,2018-02-12,2018,2,7.85,3000,23550.0,23602.16,Sold,TP
524,126,2018-06-06,2018,6,15.8,21000,331800.0,332534.91,Sold,TP
550,84,2018-08-15,2018,8,28.5,12000,342000.0,342757.5,Sold,TP
583,82,2018-11-15,2018,11,3.76,35700,134232.0,134529.31,Sold,TP
527,27,2018-06-18,2018,6,49.0,3000,147000.0,147325.59,Sold,SS
529,115,2018-06-21,2018,6,23.5,3000,70500.0,70656.16,Sold,SS
530,30,2018-06-21,2018,6,18.1,6000,108600.0,108840.54,Sold,NBS
548,133,2018-08-10,2018,8,6.5,45000,292500.0,293147.86,Sold,TP
532,30,2018-06-26,2018,6,18.1,6000,108600.0,108840.54,Sold,NBS
551,136,2018-04-26,2018,4,175.0,600,105000.0,105232.56,Sold,TP
534,65,2018-06-27,2018,6,62.0,4500,279000.0,279617.96,Sold,TP
535,95,2018-06-29,2018,6,75.5,2000,151000.0,151334.45,Sold,SS
552,114,2017-09-20,2017,9,19.0,4000,76000.0,76168.33,Sold,TP
539,66,2018-03-02,2018,3,8.3,10000,83000.0,83183.84,Sold,TP
540,28,2018-07-19,2018,7,7.88,15000,118200.0,118461.8,Sold,TP
541,66,2018-03-02,2018,3,8.3,100,830.0,831.84,Sold,TP
575,95,2018-10-24,2018,10,75.5,2000,151000.0,151334.45,Sold,SS
576,28,2018-01-23,2018,1,8.2,15000,123000.0,123272.43,Sold,XP
577,125,2018-11-07,2018,11,9.4,5000,47000.0,47104.1,Sold,DTD
578,125,2018-11-12,2018,11,9.4,5000,47000.0,47104.1,Sold,DTD
579,125,2018-11-13,2018,11,9.4,5000,47000.0,47104.1,Sold,DTD
580,110,2018-11-13,2018,11,10.3,6000,61800.0,61936.89,Sold,DIV
616,27,2019-05-13,2019,5,49.0,3000,147000.0,147325.59,Sold,SS
612,141,2019-04-10,2019,4,12.1,30000,363000.0,363804.01,Sold,HD
585,125,2018-11-15,2018,11,9.4,5000,47000.0,47104.1,Sold,DTD
586,7,2018-11-16,2018,11,10.45,6000,62700.0,62838.88,Sold,DIV
587,110,2018-11-20,2018,11,10.3,6000,61800.0,61936.89,Sold,DIV
588,113,2018-11-20,2018,11,12.9,10000,129000.0,129285.72,Sold,SS
469,7,2018-02-06,2018,2,10.8,30000,324000.0,324717.63,Sold,HD
542,84,2018-07-25,2018,7,27.5,12000,330000.0,330730.92,Sold,TP
556,81,2018-09-07,2018,9,14.95,40000,598000.0,599324.51,Sold,HD
544,119,2018-08-02,2018,8,71.25,2500,178125.0,178519.53,Sold,TP
545,138,2018-08-07,2018,8,230.0,1200,276000.0,276611.31,Sold,TP
546,119,2018-08-07,2018,8,71.25,5000,356250.0,357039.06,Sold,TP
547,50,2018-08-07,2018,8,7.0,30000,210000.0,210465.13,Sold,TP
549,139,2018-08-10,2018,8,16.4,18000,295200.0,295853.83,Sold,TP
553,7,2018-08-23,2018,8,10.45,6000,62700.0,62838.88,Sold,DIV
554,114,2017-09-20,2017,9,19.0,4000,76000.0,76168.33,Sold,TP
555,84,2018-08-15,2018,8,27.5,4000,110000.0,110243.64,Sold,TP
619,143,2019-05-21,2019,5,6.1,16000,97600.0,97816.17,Sold,TP
558,30,2018-09-12,2018,9,18.1,12000,217200.0,217681.07,Sold,NBS
620,134,2019-05-21,2019,5,18.5,10000,185000.0,185409.76,Sold,TP
560,84,2018-08-15,2018,8,27.5,4000,110000.0,110243.64,Sold,TP
561,43,2016-12-16,2016,12,17.4,5000,87000.0,87192.7,Sold,XP
562,133,2018-08-10,2018,8,6.5,10000,65000.0,65143.97,Sold,TP
756,156,2020-08-14,2020,8,8.03,10000,80300.0,80477.86,Sold,DIV
621,143,2019-05-31,2019,5,6.1,16000,97600.0,97816.17,Sold,TP
567,113,2018-10-05,2018,10,12.9,10000,129000.0,129285.72,Sold,SS
615,110,2019-05-13,2019,5,10.3,6000,61800.0,61936.89,Sold,DIV
596,27,2019-01-14,2019,1,49.0,3000,147000.0,147325.59,Sold,SS
622,81,2019-06-14,2019,6,16.6,10000,166000.0,166367.67,Sold,HD
602,7,2019-02-13,2019,2,10.45,6000,62700.0,62838.88,Sold,DIV
572,28,2018-10-19,2018,10,8.2,15000,123000.0,123272.43,Sold,XP
573,125,2018-10-22,2018,10,9.4,5000,47000.0,47104.1,Sold,DTD
574,125,2018-10-24,2018,10,9.4,5000,47000.0,47104.1,Sold,DTD
172,67,2016-03-31,2016,3,1.89,100000,189000.0,189420.23,Sold,XP
636,82,2019-07-17,2019,7,3.76,35000,131600.0,131891.48,Sold,TP
757,128,2020-08-17,2020,8,9.65,20000,193000.0,193427.48,Sold,DTD
601,70,2019-02-12,2019,2,69.5,8000,556000.0,557231.48,Sold,HD
1269,38,2023-06-26,2023,6,53.0,400,21200.0,21246.95,Sold,DTD
521,134,2018-02-20,2018,2,20.4,4000,81600.0,81780.73,Sold,TP
522,95,2018-06-01,2018,6,75.5,3000,226500.0,227001.68,Sold,TP
454,125,2017-12-22,2017,12,19.9,6000,119400.0,119664.46,Sold,TP
659,115,2019-11-28,2019,11,23.4,3000,70200.0,70355.48,Sold,DTD
594,82,2018-12-25,2018,12,3.76,35000,131600.0,131891.48,Sold,XP
589,28,2018-12-13,2018,12,5.8,25000,145000.0,145321.16,Sold,TP
590,110,2018-12-18,2018,12,10.3,6000,61800.0,61936.89,Sold,DIV
591,82,2018-12-18,2018,12,3.76,34300,128968.0,129253.65,Sold,HD
592,110,2018-12-19,2018,12,10.3,6000,61800.0,61936.89,Sold,DIV
424,28,2017-11-24,2017,11,8.4,10000,84000.0,84186.05,Sold,TP
632,27,2019-07-10,2019,7,42.0,3000,126000.0,126279.08,Sold,DTD
666,58,2016-01-02,2016,1,25.0,3000,75000.0,75166.12,Sold,TP
607,134,2019-02-26,2019,2,18.5,10000,185000.0,185409.76,Sold,SS
608,134,2019-03-04,2019,3,18.5,10000,185000.0,185409.76,Sold,TP
624,124,2017-11-22,2017,11,86.8,500,43400.0,43496.13,Sold,TP
667,58,2016-01-02,2016,1,25.0,3000,75000.0,75166.12,Sold,TP
626,124,2017-11-20,2017,11,86.8,1000,86800.0,86992.26,Sold,TP
627,124,2017-11-22,2017,11,86.81,1000,86810.0,87002.28,Sold,TP
628,95,2019-07-05,2019,7,66.75,2000,133500.0,133795.69,Sold,DTD
708,96,2020-05-05,2020,5,64.0,3000,192000.0,192425.26,Sold,DTD
423,115,2017-10-09,2017,10,20.8,2500,52000.0,52115.17,Sold,TP
634,82,2019-07-17,2019,7,3.76,35000,131600.0,131891.48,Sold,TP
635,129,2019-07-17,2019,7,17.9,3000,53700.0,53818.94,Sold,DIV
630,129,2014-06-25,2014,6,16.57,3000,49710.0,49820.1,Sold,DIV
631,129,2014-06-25,2014,6,17.9,20000,358000.0,358792.93,Sold,DIV
459,111,2017-12-29,2017,12,15.8,7000,110600.0,110844.97,Sold,TP
460,31,2015-05-06,2015,5,3.76,20000,75200.0,75366.56,Sold,TP
422,109,2017-12-06,2017,12,78.0,500,39000.0,39086.38,Sold,TP
681,135,2020-03-24,2020,3,4.5,3100,13950.0,13980.9,Sold,DIV
894,15,2021-05-13,2021,5,11.7,15000,175500.0,175888.72,Sold,DTD
598,28,2019-01-18,2019,1,7.1,15000,106500.0,106735.89,Sold,TP
641,131,2019-08-13,2019,8,125.0,2400,300000.0,300664.47,Sold,DTD
507,131,2018-02-14,2018,2,110.0,400,44000.0,44097.46,Sold,TP
508,136,2018-04-26,2018,4,175.0,600,105000.0,105232.56,Sold,TP
509,27,2018-02-12,2018,2,53.5,3000,160500.0,160855.5,Sold,TP
510,15,2018-02-14,2018,2,28.0,3000,84000.0,84186.05,Sold,TP
511,131,2018-02-14,2018,2,110.0,400,44000.0,44097.46,Sold,TP
513,54,2018-05-17,2018,5,53.45,2200,117590.0,117850.45,Sold,TP
514,137,2018-05-17,2018,5,38.75,2500,96875.0,97089.57,Sold,TP
515,48,2018-05-17,2018,5,10.0,30000,300000.0,300664.47,Active,HD
516,48,2018-08-01,2018,8,10.0,10000,100000.0,100221.49,Sold,HD
517,48,2019-11-01,2019,11,10.0,30000,300000.0,300664.47,Active,HD
518,38,2018-05-21,2018,5,37.0,7500,277500.0,278114.64,Sold,TP
519,134,2018-02-20,2018,2,20.4,4000,81600.0,81780.73,Sold,TP
520,66,2018-03-02,2018,3,8.3,10000,83000.0,83183.84,Sold,TP
505,58,2016-04-20,2016,4,25.0,10000,250000.0,250553.73,Sold,HD
506,131,2018-02-14,2018,2,110.0,400,44000.0,44097.46,Sold,TP
427,31,2015-05-06,2015,5,3.76,20000,75200.0,75366.56,Sold,HD
862,27,2021-04-22,2021,4,44.0,1000,44000.0,44097.46,Sold,DTD
669,58,2016-01-02,2016,1,25.0,4000,100000.0,100221.49,Sold,TP
343,97,2017-08-10,2017,8,29.0,4000,116000.0,116256.93,Sold,TP
676,25,2020-03-09,2020,3,0.81,100000,81000.0,81179.41,Sold,DIV
605,7,2019-02-18,2019,2,10.4,3000,31200.0,31269.1,Sold,DIV
606,134,2019-02-26,2019,2,18.5,10000,185000.0,185409.76,Sold,SS
603,141,2019-02-14,2019,2,12.0,30000,360000.0,360797.36,Sold,HD
604,125,2019-02-18,2019,2,9.4,5000,47000.0,47104.1,Sold,DTD
538,84,2018-07-17,2018,7,27.5,3000,82500.0,82682.73,Sold,TP
504,131,2018-02-14,2018,2,110.0,200,22000.0,22048.73,Sold,TP
911,81,2019-05-15,2019,5,14.7,10000,147000.0,147325.59,Sold,HD
453,91,2017-11-16,2017,11,37.0,2000,74000.0,74163.9,Sold,TP
709,152,2020-05-07,2020,5,40.0,5000,200000.0,200442.98,Sold,DTD
344,97,2017-08-11,2017,8,29.0,2000,58000.0,58128.46,Sold,TP
675,146,2020-03-06,2020,3,14.2,7100,100820.0,101043.31,Sold,DIV
623,143,2019-05-21,2019,5,6.1,16000,97600.0,97816.17,Sold,TP
563,137,2018-05-14,2018,5,38.75,2500,96875.0,97089.57,Sold,TP
500,58,2016-02-26,2016,2,25.0,10000,250000.0,250553.73,Sold,DT
498,113,2018-03-06,2018,3,14.5,8000,116000.0,116256.93,Sold,TP
499,124,2018-03-12,2018,3,86.81,1200,104172.0,104402.73,Sold,TP
438,125,2017-12-22,2017,12,9.4,5000,47000.0,47104.1,Sold,DTD
658,115,2019-11-28,2019,11,23.4,3000,70200.0,70355.48,Sold,DTD
468,129,2013-06-25,2013,6,16.57,27000,447390.0,448380.93,Sold,DIV
284,43,2016-08-26,2016,8,16.7,10000,167000.0,167369.89,Sold,HD
685,70,2020-03-30,2020,3,37.0,600,22200.0,22249.17,Sold,DIV
286,43,2016-09-20,2016,9,16.7,10000,167000.0,167369.89,Active,HD
287,43,2016-10-13,2016,10,16.7,10000,167000.0,167369.89,Active,HD
288,43,2016-10-31,2016,10,16.7,10000,167000.0,167369.89,Active,HD
289,43,2016-11-14,2016,11,16.7,10000,167000.0,167369.89,Active,HD
290,43,2016-11-17,2016,11,16.7,10000,167000.0,167369.89,Active,HD
673,134,2020-02-27,2020,2,18.5,4000,74000.0,74163.9,Sold,SS
293,43,2016-12-16,2016,12,17.4,5000,87000.0,87192.7,Sold,XP
294,70,2017-01-10,2017,1,56.75,4000,227000.0,227502.78,Sold,XP
637,81,2019-07-24,2019,7,14.7,10000,147000.0,147325.59,Sold,HD
296,21,2017-01-19,2017,1,28.0,10000,280000.0,280620.17,Sold,XP
297,50,2017-01-26,2017,1,10.7,20000,214000.0,214473.99,Sold,XP
298,50,2017-02-02,2017,2,10.7,2500,26750.0,26809.25,Sold,XP
696,85,2020-04-14,2020,4,66.0,1500,99000.0,99219.28,Sold,DTD
458,28,2018-01-23,2018,1,8.2,15000,123000.0,123272.43,Sold,XP
457,50,2017-12-12,2017,12,19.0,5000,95000.0,95210.42,Sold,TP
861,120,2021-04-21,2021,4,35.9,2500,89750.0,89948.78,Sold,DTD
684,149,2020-03-30,2020,3,3.5,6000,21000.0,21046.51,Sold,DIV
305,39,2017-02-14,2017,2,38.7,14000,541800.0,543000.04,Sold,XP
306,94,2017-02-14,2017,2,14.9,10000,149000.0,149330.02,Sold,XP
307,95,2017-02-16,2017,2,69.0,4000,276000.0,276611.31,Sold,XP
308,96,2017-02-16,2017,2,53.0,4000,212000.0,212469.56,Sold,TP
687,54,2020-04-01,2020,4,38.5,3000,115500.0,115755.83,Sold,DTD
690,47,2020-04-09,2020,4,47.0,600,28200.0,28262.46,Sold,DTD
310,97,2017-02-17,2017,2,23.0,5000,115000.0,115254.71,Sold,TP
686,109,2020-03-30,2020,3,68.0,500,34000.0,34075.31,Sold,DIV
312,99,2017-03-07,2017,3,15.5,10000,155000.0,155343.31,Sold,TP
680,148,2020-03-24,2020,3,24.8,1000,24800.0,24854.93,Sold,DIV
382,110,2017-09-11,2017,9,18.1,5000,90500.0,90700.45,Sold,DIV
316,97,2017-03-14,2017,3,23.0,5000,115000.0,115254.71,Sold,TP
689,45,2020-04-09,2020,4,190.0,600,114000.0,114252.5,Sold,SS
318,100,2017-03-29,2017,3,6.7,30000,201000.0,201445.19,Sold,XP
320,99,2017-03-30,2017,3,14.9,10000,149000.0,149330.02,Sold,XP
695,134,2019-02-26,2019,2,18.5,2000,37000.0,37081.95,Sold,SS
323,102,2017-04-19,2017,4,44.75,5000,223750.0,224245.58,Sold,XP
324,103,2017-04-19,2017,4,75.75,3000,227250.0,227753.34,Sold,XP
618,134,2019-05-15,2019,5,18.5,10000,185000.0,185409.76,Sold,SS
326,105,2017-04-21,2017,4,24.3,10000,243000.0,243538.22,Sold,XP
679,135,2020-03-19,2020,3,4.5,5000,22500.0,22549.84,Sold,DIV
328,97,2017-05-11,2017,5,23.0,5000,115000.0,115254.71,Sold,TP
330,106,2017-05-22,2017,5,0.59,100000,59000.0,59130.68,Sold,DT
913,113,2021-06-09,2021,6,24.5,3000,73500.0,73662.8,Sold,DTD
662,129,2019-12-09,2019,12,31.5,3000,94500.0,94709.31,Sold,DIV
334,95,2017-06-09,2017,6,69.0,3000,207000.0,207458.48,Sold,XP
335,87,2017-06-20,2017,6,11.6,20000,232000.0,232513.86,Sold,XP
336,97,2017-02-17,2017,2,23.0,5000,115000.0,115254.71,Sold,TP
677,147,2020-03-16,2020,3,4.2,5000,21000.0,21046.51,Sold,DIV
393,66,2017-11-09,2017,11,8.9,30000,267000.0,267591.38,Sold,TP
340,97,2017-07-26,2017,7,27.5,8000,220000.0,220487.28,Sold,XP
341,68,2017-08-04,2017,8,9.6,5000,48000.0,48106.32,Sold,TP
617,81,2019-05-15,2019,5,14.7,10000,147000.0,147325.59,Sold,HD
395,50,2017-11-10,2017,11,18.2,8000,145600.0,145922.49,Sold,TP
349,97,2017-08-16,2017,8,29.0,2000,58000.0,58128.46,Sold,TP
350,137,2017-08-17,2017,8,34.75,2000,69500.0,69653.94,Sold,TP
351,109,2017-08-17,2017,8,78.0,1000,78000.0,78172.76,Sold,TP
352,109,2017-08-18,2017,8,70.75,1000,70750.0,70906.7,Sold,TP
611,142,2019-03-11,2019,3,23.5,8000,188000.0,188416.4,Sold,TP
355,50,2017-02-02,2017,2,10.7,10000,107000.0,107236.99,Sold,TP
610,113,2019-03-07,2019,3,12.9,10000,129000.0,129285.72,Sold,TP
723,154,2020-05-28,2020,5,21.7,200,4340.0,4349.61,Sold,DIV
694,145,2019-11-20,2019,11,5.4,4500,24300.0,24353.82,Sold,DTD
359,113,2017-09-19,2017,9,14.5,8000,116000.0,116256.93,Sold,TP
360,112,2017-09-18,2017,9,3.44,60000,206400.0,206857.16,Sold,XP
361,114,2017-09-20,2017,9,19.0,4000,76000.0,76168.33,Sold,TP
362,50,2017-02-02,2017,2,10.7,2500,26750.0,26809.25,Sold,TP
363,68,2017-08-04,2017,8,9.6,10000,96000.0,96212.63,Sold,TP
364,113,2017-09-27,2017,9,14.5,7000,101500.0,101724.82,Sold,TP
365,68,2017-08-04,2017,8,9.6,5000,48000.0,48106.32,Sold,TP
366,115,2017-10-09,2017,10,20.8,2500,52000.0,52115.17,Sold,TP
367,89,2017-10-09,2017,10,3.56,60000,213600.0,214073.1,Sold,TP
368,97,2017-08-10,2017,8,29.0,4000,116000.0,116256.93,Sold,TP
693,125,2017-12-21,2017,12,10.2,5000,51000.0,51112.96,Sold,SS
370,137,2017-08-17,2017,8,32.75,2000,65500.0,65645.08,Sold,TP
371,113,2017-09-19,2017,9,14.6,3400,49640.0,49749.94,Sold,TP
609,28,2019-03-06,2019,3,5.8,25000,145000.0,145321.16,Sold,TP
373,50,2017-02-02,2017,2,15.5,2500,38750.0,38835.82,Sold,TP
678,147,2020-03-17,2020,3,4.0,5000,20000.0,20044.3,Sold,DIV
375,117,2017-10-18,2017,10,78.75,2000,157500.0,157848.85,Sold,TP
407,113,2017-10-19,2017,10,14.5,7000,101500.0,101724.82,Sold,TP
377,118,2017-10-19,2017,10,20.7,12000,248400.0,248950.18,Sold,TP
378,119,2017-10-19,2017,10,68.5,1000,68500.0,68651.73,Sold,TP
379,137,2017-07-18,2017,7,32.75,2000,65500.0,65645.08,Sold,TP
692,125,2017-12-20,2017,12,10.2,5000,51000.0,51112.96,Sold,BB
383,50,2017-02-02,2017,2,10.7,2500,26750.0,26809.25,Sold,TP
384,97,2017-08-11,2017,8,29.0,2000,58000.0,58128.46,Sold,TP
385,102,2017-11-01,2017,11,52.0,6000,312000.0,312691.05,Sold,TP
386,120,2017-11-02,2017,11,53.5,2000,107000.0,107236.99,Sold,XP
387,96,2017-11-02,2017,11,53.0,2000,106000.0,106234.78,Sold,TP
722,154,2020-05-28,2020,5,21.6,1000,21600.0,21647.84,Sold,DIV
389,110,2017-11-03,2017,11,10.3,6000,61800.0,61936.89,Sold,DIV
390,114,2017-11-06,2017,11,19.0,6000,114000.0,114252.5,Sold,TP
391,121,2017-11-06,2017,11,17.0,15000,255000.0,255564.8,Sold,TP
392,54,2017-11-07,2017,11,53.45,2200,117590.0,117850.45,Sold,TP
691,70,2020-04-09,2020,4,44.5,4800,213600.0,214073.1,Sold,DTD
397,122,2017-11-13,2017,11,7.0,10000,70000.0,70155.04,Sold,TP
398,115,2017-10-09,2017,10,20.8,5000,104000.0,104230.35,Sold,TP
399,123,2017-11-15,2017,11,14.6,7000,102200.0,102426.36,Sold,TP
400,91,2017-11-16,2017,11,37.0,4000,148000.0,148327.81,Sold,TP
401,115,2017-10-09,2017,10,20.8,2500,52000.0,52115.17,Sold,TP
402,115,2017-10-09,2017,10,20.8,2500,52000.0,52115.17,Sold,TP
403,117,2017-10-18,2017,10,78.75,1000,78750.0,78924.42,Sold,TP
404,120,2017-11-02,2017,11,53.5,2000,107000.0,107236.99,Sold,TP
405,51,2017-11-20,2017,11,2.76,90000,248400.0,248950.18,Sold,TP
406,109,2017-08-17,2017,8,70.75,500,35375.0,35453.36,Sold,TP
408,137,2017-11-21,2017,11,34.75,4000,139000.0,139307.87,Sold,TP
409,123,2017-11-15,2017,11,14.6,7000,102200.0,102426.36,Sold,TP
410,122,2017-11-13,2017,11,7.0,10000,70000.0,70155.04,Sold,TP
411,124,2017-11-22,2017,11,86.81,500,43405.0,43501.14,Sold,TP
412,113,2017-11-23,2017,11,14.5,8000,116000.0,116256.93,Sold,TP
413,124,2017-11-24,2017,11,86.81,600,52086.0,52201.37,Sold,TP
414,123,2017-11-15,2017,11,14.6,7000,102200.0,102426.36,Sold,TP
415,122,2017-11-11,2017,11,7.0,10000,70000.0,70155.04,Sold,TP
416,28,2017-11-24,2017,11,8.4,5000,42000.0,42093.03,Sold,TP
417,50,2017-11-24,2017,11,19.0,5000,95000.0,95210.42,Sold,TP
418,109,2017-11-27,2017,11,73.75,500,36875.0,36956.67,Sold,TP
419,1,2017-11-30,2017,11,26.0,4000,104000.0,104230.35,Sold,TP
433,28,2017-11-24,2017,11,8.4,10000,84000.0,84186.05,Sold,TP
434,109,2017-08-17,2017,8,78.0,500,39000.0,39086.38,Sold,TP
435,97,2017-08-16,2017,8,29.0,2000,58000.0,58128.46,Sold,TP
436,28,2017-11-24,2017,11,8.4,5000,42000.0,42093.03,Sold,TP
437,91,2017-11-16,2017,11,37.0,3000,111000.0,111245.85,Sold,TP
439,50,2017-11-24,2017,11,18.2,4000,72800.0,72961.25,Sold,TP
440,126,2017-12-26,2017,12,17.0,5000,85000.0,85188.27,Sold,TP
441,111,2017-12-29,2017,12,15.8,7000,110600.0,110844.97,Sold,TP
442,119,2017-10-19,2017,10,68.5,1000,68500.0,68651.73,Sold,TP
443,50,2018-01-04,2018,1,19.0,5000,95000.0,95210.42,Sold,TP
444,137,2017-08-17,2017,8,34.75,2000,69500.0,69653.94,Sold,TP
445,110,2018-01-05,2018,1,10.3,6000,61800.0,61936.89,Sold,DIV
446,127,2018-01-08,2018,1,39.0,8000,312000.0,312691.05,Sold,TP
447,120,2017-11-02,2017,11,53.5,2000,107000.0,107236.99,Sold,TP
448,111,2018-01-09,2018,1,17.4,21000,365400.0,366209.33,Sold,TP
449,126,2017-12-26,2017,12,17.0,5000,85000.0,85188.27,Sold,TP
450,125,2018-01-09,2018,1,9.4,5000,47000.0,47104.1,Sold,DTD
452,126,2017-12-26,2017,12,17.0,5000,85000.0,85188.27,Sold,TP
697,96,2020-04-15,2020,4,60.0,1500,90000.0,90199.34,Sold,DTD
698,54,2020-04-16,2020,4,47.0,3000,141000.0,141312.3,Sold,DTD
860,96,2021-02-18,2021,2,52.0,3000,156000.0,156345.52,Sold,DTD
700,176,2020-04-21,2020,4,17.6,3000,52800.0,52916.95,Sold,DOS
701,113,2019-05-13,2019,5,12.9,3000,38700.0,38785.72,Sold,SS
702,148,2020-04-23,2020,4,27.0,4000,108000.0,108239.21,Sold,DTD
749,21,2020-07-23,2020,7,33.25,3000,99750.0,99970.93,Sold,DTD
704,89,2020-04-28,2020,4,2.7,50000,135000.0,135299.01,Sold,DTD
705,21,2020-04-29,2020,4,27.5,6000,165000.0,165365.46,Sold,DTD
706,102,2020-04-30,2020,4,38.5,5000,192500.0,192926.37,Sold,DTD
707,143,2020-04-30,2020,4,6.4,18000,115200.0,115455.15,Sold,DTD
727,38,2020-06-09,2020,6,41.0,4000,164000.0,164363.24,Sold,DTD
711,143,2020-05-07,2020,5,5.8,6000,34800.0,34877.08,Sold,DTD
712,125,2020-05-07,2020,5,9.4,5000,47000.0,47104.1,Sold,DTD
713,153,2020-05-13,2020,5,9.55,10000,95500.0,95711.53,Sold,SBD
714,13,2020-05-14,2020,5,10.6,5000,53000.0,53117.39,Sold,DTD
715,142,2020-05-14,2020,5,21.3,10000,213000.0,213471.77,Sold,DTD
716,154,2020-05-20,2020,5,21.7,5300,115010.0,115264.73,Sold,DIV
909,81,2019-05-15,2019,5,14.7,10000,147000.0,147325.59,Sold,HD
908,24,2019-08-28,2019,8,6.35,5000,31750.0,31820.32,Sold,DTD
719,145,2020-05-22,2020,5,5.31,18000,95580.0,95851.83,Sold,DTD
720,154,2020-05-25,2020,5,21.9,1000,21900.0,21948.5,Sold,DIV
721,154,2020-05-26,2020,5,21.9,1000,21900.0,21948.5,Sold,DIV
724,154,2020-05-29,2020,5,21.7,500,10850.0,10874.03,Sold,DIV
907,172,2021-06-01,2021,6,13.0,10000,130000.0,130287.94,Sold,SHT
726,28,2020-06-01,2020,6,3.68,50000,184000.0,184407.54,Sold,DTD
906,115,2018-01-26,2018,1,23.4,3000,70200.0,70355.48,Sold,DTD
729,21,2020-06-10,2020,6,30.5,3000,91500.0,91702.67,Sold,DTD
730,136,2020-06-11,2020,6,133.5,2000,267000.0,267591.38,Sold,DTD
797,164,2021-01-15,2021,1,17.4,6000,104400.0,104631.24,Sold,DTD
798,111,2020-12-18,2020,12,38.75,2600,100750.0,100973.15,Sold,DTD
734,30,2020-06-12,2020,6,6.35,6000,38100.0,38184.39,Sold,NBS
735,76,2020-06-15,2020,6,260.0,300,78000.0,78172.76,Sold,DTD
736,155,2020-06-15,2020,6,11.9,15000,178500.0,178895.37,Sold,DTD
737,62,2020-06-15,2020,6,4.7,40000,188000.0,188416.4,Sold,DTD
738,107,2020-06-15,2020,6,2.7,5000,13500.0,13529.91,Sold,DTD
739,21,2020-06-15,2020,6,30.0,3000,90000.0,90199.34,Sold,DTD
740,43,2016-08-26,2016,8,16.7,10000,167000.0,167369.89,Sold,HD
904,24,2019-08-28,2019,8,6.35,5000,31750.0,31820.32,Sold,DIV
742,24,2019-08-28,2019,8,6.35,15000,95250.0,95460.97,Sold,SS
905,107,2020-06-15,2020,6,2.7,10000,27000.0,27059.8,Sold,DTD
1124,109,2022-02-18,2022,2,98.0,2000,196000.0,196434.12,Sold,HD
746,155,2020-06-25,2020,6,12.3,30000,369000.0,369817.3,Sold,DTD
747,154,2020-06-26,2020,6,21.7,1000,21700.0,21748.06,Sold,DIV
750,148,2020-07-23,2020,7,32.0,4000,128000.0,128283.51,Sold,DTD
751,88,2020-07-23,2020,7,24.9,8000,199200.0,199641.2,Sold,DTD
752,148,2020-07-29,2020,7,32.0,4000,128000.0,128283.51,Sold,DTD
753,21,2020-07-30,2020,7,33.25,3000,99750.0,99970.93,Sold,DTD
836,154,2021-02-20,2021,2,22.1,200,4420.0,4429.79,Sold,DIV
903,7,2021-05-28,2021,5,10.45,6000,62700.0,62838.88,Sold,DIV
796,128,2021-01-12,2021,1,12.4,5000,62000.0,62137.32,Sold,DTD
760,85,2020-08-24,2020,8,63.0,5000,315000.0,315697.69,Sold,DTD
761,56,2020-08-25,2020,8,11.4,24000,273600.0,274205.99,Sold,DTD
762,88,2020-08-31,2020,8,26.0,8000,208000.0,208460.7,Sold,DTD
763,21,2020-09-01,2020,9,32.0,2000,64000.0,64141.75,Sold,DTD
764,156,2020-09-01,2020,9,8.03,20000,160600.0,160955.71,Sold,DIV
765,160,2020-09-11,2020,9,4.2,5000,21000.0,21046.51,Sold,DIV
766,161,2020-09-11,2020,9,35.0,9000,315000.0,315697.69,Sold,DTD
767,48,2020-02-01,2020,2,10.0,10000,100000.0,100221.49,Active,HD
768,160,2020-09-16,2020,9,4.2,5000,21000.0,21046.51,Sold,DIV
769,48,2020-11-01,2020,11,10.0,30000,300000.0,300664.47,Active,HD
770,154,2020-09-18,2020,9,21.7,1000,21700.0,21748.06,Sold,DIV
771,160,2020-09-22,2020,9,4.2,5000,21000.0,21046.51,Sold,DIV
772,160,2020-09-23,2020,9,4.2,10000,42000.0,42093.03,Sold,DIV
773,86,2020-09-23,2020,9,330.0,1000,330000.0,330730.92,Sold,DTD
1007,166,2021-09-14,2021,9,2.9,40000,116000.0,116256.93,Sold,DTD
775,160,2020-09-28,2020,9,4.14,10000,41400.0,41491.7,Sold,DIV
918,143,2021-06-17,2021,6,8.05,6000,48300.0,48406.98,Sold,DTD
777,47,2020-10-06,2020,10,49.75,6000,298500.0,299161.15,Sold,DTD
778,160,2020-10-06,2020,10,4.2,10000,42000.0,42093.03,Sold,DIV
779,160,2020-10-06,2020,10,4.2,10000,42000.0,42093.03,Sold,DIV
780,143,2020-10-09,2020,10,8.05,6000,48300.0,48406.98,Sold,DTD
781,81,2020-08-01,2020,8,14.7,10000,147000.0,147325.59,Sold,HD
1008,172,2021-09-14,2021,9,13.3,10000,133000.0,133294.58,Sold,SHT
783,81,2020-10-09,2020,10,14.7,10000,147000.0,147325.59,Sold,HD
784,160,2020-10-30,2020,10,4.2,5000,21000.0,21046.51,Sold,DIV
785,154,2020-11-13,2020,11,21.6,100,2160.0,2164.78,Sold,DIV
902,172,2021-05-27,2021,5,13.3,9000,119700.0,119965.12,Sold,DOS
901,43,2017-04-01,2017,4,16.7,10000,167000.0,167369.89,Active,HD
788,111,2020-12-18,2020,12,38.75,2600,100750.0,100973.15,Sold,DTD
789,155,2020-12-21,2020,12,13.6,5000,68000.0,68150.61,Sold,DTD
790,137,2020-12-22,2020,12,55.0,5400,297000.0,297657.83,Sold,DTD
791,163,2020-12-23,2020,12,16.3,6000,97800.0,98016.62,Sold,DTD
792,115,2020-12-28,2020,12,16.2,6000,97200.0,97415.28,Sold,DTD
793,128,2020-12-28,2020,12,11.0,10000,110000.0,110243.64,Sold,DTD
794,125,2020-12-28,2020,12,9.4,5000,47000.0,47104.1,Sold,DTD
795,125,2021-01-04,2021,1,9.4,3000,28200.0,28262.46,Sold,DTD
799,111,2020-12-18,2020,12,38.75,2600,100750.0,100973.15,Sold,DTD
800,165,2021-01-25,2021,1,33.0,6000,198000.0,198438.55,Sold,DTD
801,176,2021-01-25,2021,1,14.9,7000,104300.0,104531.01,Sold,DOS
802,166,2021-01-28,2021,1,2.34,10000,23400.0,23451.83,Sold,DTD
803,88,2021-01-28,2021,1,30.0,2000,60000.0,60132.89,Sold,DTD
804,148,2020-07-23,2020,7,32.0,4000,128000.0,128283.51,Sold,DTD
806,152,2021-02-04,2021,2,33.0,9000,297000.0,297657.83,Sold,DOS
807,154,2021-02-10,2021,2,22.1,500,11050.0,11074.47,Sold,DIV
808,168,2021-02-11,2021,2,5.0,20000,100000.0,100221.49,Sold,SBD
809,162,2021-02-11,2021,2,8.9,10000,89000.0,89197.13,Sold,DOS
835,173,2021-03-10,2021,3,30.0,3000,90000.0,90199.34,Sold,DOS
811,138,2021-02-15,2021,2,153.0,700,107100.0,107337.22,Sold,DTD
812,169,2021-02-15,2021,2,11.0,18000,198000.0,198438.55,Sold,DOS
813,81,2021-02-17,2021,2,14.7,10000,147000.0,147325.59,Active,HD
814,168,2021-02-17,2021,2,5.2,20000,104000.0,104230.35,Sold,SBD
983,185,2021-08-11,2021,8,80.0,2000,160000.0,160354.38,Sold,DTD
816,96,2021-02-18,2021,2,52.0,3000,156000.0,156345.52,Sold,DTD
817,153,2021-02-19,2021,2,10.2,10000,102000.0,102225.92,Sold,DOS
818,88,2021-01-28,2021,1,30.0,2000,60000.0,60132.89,Sold,DTD
819,88,2021-01-28,2021,1,30.0,2000,60000.0,60132.89,Sold,DTD
820,138,2021-02-23,2021,2,170.0,600,102000.0,102225.92,Sold,DOS
821,170,2021-02-24,2021,2,10.6,10000,106000.0,106234.78,Sold,DOS
822,171,2021-02-25,2021,2,12.2,10000,122000.0,122270.22,Sold,DOS
823,163,2020-12-23,2020,12,16.3,6000,97800.0,98016.62,Sold,DTD
824,81,2021-03-02,2021,3,14.7,20000,294000.0,294651.18,Active,HD
825,125,2021-03-02,2021,3,7.2,3000,21600.0,21647.84,Sold,DTD
826,31,2021-03-03,2021,3,4.0,75000,300000.0,300664.47,Sold,DTD
827,172,2021-03-03,2021,3,11.4,10000,114000.0,114252.5,Sold,DOS
828,13,2021-03-05,2021,3,17.8,6000,106800.0,107036.56,Sold,DOS
910,81,2019-05-15,2019,5,14.7,10000,147000.0,147325.59,Sold,HD
1087,199,2021-12-08,2021,12,11.0,3000,33000.0,33073.09,Sold,DTD
1086,96,2021-12-28,2021,12,45.75,2000,91500.0,91702.67,Sold,DTD
1085,95,2021-03-17,2021,3,66.75,600,40050.0,40138.7,Sold,DTD
1179,27,2022-05-24,2022,5,48.5,6000,291000.0,291644.54,Sold,DOS
1083,194,2021-12-21,2021,12,20.2,3000,60600.0,60734.22,Sold,DTD
837,174,2021-03-12,2021,3,3.9,25000,97500.0,97715.96,Sold,DOS
838,153,2021-03-12,2021,3,9.9,20000,198000.0,198438.55,Sold,DTD
839,154,2021-02-10,2021,2,22.1,200,4420.0,4429.79,Sold,DIV
840,135,2021-03-15,2021,3,7.0,3000,21000.0,21046.51,Sold,DIV
841,43,2021-03-16,2021,3,16.7,5000,83500.0,83684.95,Sold,HD
842,95,2021-03-17,2021,3,66.75,1400,93450.0,93656.98,Active,DTD
843,27,2021-03-18,2021,3,42.0,3000,126000.0,126279.08,Sold,DTD
844,95,2021-03-19,2021,3,66.75,2000,133500.0,133795.69,Active,DTD
845,109,2021-03-22,2021,3,97.5,1000,97500.0,97715.96,Sold,DOS
846,128,2021-01-12,2021,1,11.0,1000,11000.0,11024.36,Sold,DTD
847,128,2021-01-12,2021,1,11.0,1000,11000.0,11024.36,Sold,DTD
848,128,2021-01-12,2021,1,11.0,1000,11000.0,11024.36,Sold,DTD
853,107,2020-06-15,2020,6,2.7,10000,27000.0,27059.8,Sold,DTD
850,27,2021-03-26,2021,3,42.0,3000,126000.0,126279.08,Sold,DTD
851,128,2021-03-26,2021,3,12.4,3000,37200.0,37282.39,Sold,DTD
852,125,2021-03-26,2021,3,8.35,3000,25050.0,25105.48,Sold,SS
1077,192,2021-12-15,2021,12,44.5,3000,133500.0,133795.69,Active,HD
855,95,2021-04-05,2021,4,66.75,1000,66750.0,66897.84,Sold,DTD
856,109,2021-04-08,2021,4,97.5,1000,97500.0,97715.96,Sold,DOS
857,95,2021-04-09,2021,4,66.75,1000,66750.0,66897.84,Active,DTD
858,128,2021-04-12,2021,4,12.4,2000,24800.0,24854.93,Sold,DTD
859,175,2021-04-12,2021,4,7.7,20000,154000.0,154341.09,Sold,DOS
1137,48,2022-03-02,2022,3,11.2,10000,112000.0,112248.07,Sold,DOS
866,24,2019-12-09,2019,12,6.35,5000,31750.0,31820.32,Sold,DTD
867,24,2019-12-09,2019,12,6.35,5000,31750.0,31820.32,Sold,DTD
868,131,2021-04-28,2021,4,113.0,1000,113000.0,113250.28,Sold,DTD
869,24,2019-11-15,2019,11,6.35,5000,31750.0,31820.32,Sold,DTD
870,128,2021-04-29,2021,4,12.4,2500,31000.0,31068.66,Sold,DTD
871,86,2021-04-29,2021,4,460.0,200,92000.0,92203.77,Sold,DTD
872,107,2020-06-15,2020,6,2.7,10000,27000.0,27059.8,Sold,DTD
873,128,2021-04-30,2021,4,12.4,2500,31000.0,31068.66,Sold,DTD
874,107,2020-06-15,2020,6,2.7,10000,27000.0,27059.8,Sold,DTD
875,137,2021-05-05,2021,5,61.25,3000,183750.0,184156.99,Sold,DTD
876,145,2021-05-05,2021,5,7.0,63000,441000.0,441976.77,Sold,HD
877,24,2019-09-19,2019,9,6.35,5000,31750.0,31820.32,Sold,DTD
878,24,2019-09-19,2019,9,6.35,5000,31750.0,31820.32,Sold,DTD
879,177,2021-05-06,2021,5,10.9,10000,109000.0,109241.42,Sold,DOS
986,142,2021-08-13,2021,8,37.5,4500,168750.0,169123.76,Sold,DTD
881,135,2021-05-07,2021,5,7.0,3000,21000.0,21046.51,Sold,DIV
882,178,2021-05-07,2021,5,10.85,10000,108500.0,108740.32,Sold,HD
883,169,2021-05-10,2021,5,10.5,10000,105000.0,105232.56,Sold,DOS
884,7,2021-05-10,2021,5,10.45,6000,62700.0,62838.88,Sold,DIV
885,135,2021-03-12,2021,3,7.0,3000,21000.0,21046.51,Sold,DIV
886,125,2021-05-11,2021,5,8.85,5000,44250.0,44348.01,Sold,DTD
887,155,2020-12-21,2020,12,13.6,7000,95200.0,95410.85,Sold,DTD
990,181,2021-08-16,2021,8,56.0,1800,100800.0,101023.27,Sold,DTD
1140,156,2022-03-03,2022,3,8.95,100,895.0,896.98,Sold,DOS
890,135,2021-03-15,2021,3,7.0,3000,21000.0,21046.51,Sold,DIV
891,179,2021-05-12,2021,5,10.9,10000,109000.0,109241.42,Sold,DOS
892,120,2021-05-12,2021,5,35.9,2500,89750.0,89948.78,Sold,DTD
893,135,2021-03-15,2021,3,7.0,3000,21000.0,21046.51,Sold,DIV
896,164,2021-05-14,2021,5,32.0,1500,48000.0,48106.32,Sold,DTD
897,180,2021-05-18,2021,5,275.0,300,82500.0,82682.73,Sold,SBD
898,128,2021-05-19,2021,5,12.4,2500,31000.0,31068.66,Sold,DTD
899,181,2021-05-21,2021,5,56.0,1800,100800.0,101023.27,Sold,DTD
914,172,2021-06-10,2021,6,13.0,10000,130000.0,130287.94,Sold,SHT
915,97,2021-06-14,2021,6,40.5,2500,101250.0,101474.26,Sold,DTD
916,107,2020-06-15,2020,6,2.7,5000,13500.0,13529.91,Sold,DTD
1035,171,2021-10-26,2021,10,12.2,8000,97600.0,97816.17,Sold,SHT
919,107,2020-06-15,2020,6,2.7,5000,13500.0,13529.91,Sold,DTD
920,88,2021-06-15,2021,6,40.0,2500,100000.0,100221.49,Active,DTD
921,88,2021-06-21,2021,6,40.0,2500,100000.0,100221.49,Active,DTD
922,27,2021-06-21,2021,6,42.0,3000,126000.0,126279.08,Sold,DTD
923,107,2020-06-15,2020,6,2.7,5000,13500.0,13529.91,Sold,DTD
927,86,2021-06-22,2021,6,412.0,200,82400.0,82582.51,Sold,DTD
925,155,2020-11-21,2020,11,13.6,4000,54400.0,54520.49,Sold,DTD
926,173,2021-06-22,2021,6,31.75,9000,285750.0,286382.91,Sold,DTD
928,161,2021-06-22,2021,6,33.0,3000,99000.0,99219.28,Sold,DTD
929,62,2021-06-23,2021,6,11.2,7000,78400.0,78573.65,Sold,DTD
930,182,2021-06-24,2021,6,12.0,10000,120000.0,120265.79,Sold,DOS
931,155,2020-12-21,2020,12,13.6,5000,68000.0,68150.61,Sold,DTD
932,164,2021-05-14,2021,5,32.0,1000,32000.0,32070.88,Sold,DTD
933,96,2021-06-28,2021,6,45.75,3000,137250.0,137554.0,Sold,DTD
1134,156,2022-02-28,2022,2,8.95,10000,89500.0,89698.24,Active,HD
935,180,2021-07-01,2021,7,276.0,1000,276000.0,276611.31,Sold,DOS
1036,88,2021-10-27,2021,10,32.75,2500,81875.0,82056.34,Sold,HD
937,7,2018-08-23,2018,8,10.45,6000,62700.0,62838.88,Sold,DIV
938,183,2021-07-02,2021,7,39.0,2000,78000.0,78172.76,Sold,DTD
939,7,2018-08-18,2018,8,10.45,6000,62700.0,62838.88,Sold,DIV
940,170,2021-07-05,2021,7,9.0,10000,90000.0,90199.34,Sold,DTD
941,27,2021-07-07,2021,7,42.0,3000,126000.0,126279.08,Sold,DTD
942,143,2021-07-07,2021,7,8.05,6000,48300.0,48406.98,Sold,DTD
943,172,2021-07-08,2021,7,13.0,10000,130000.0,130287.94,Sold,SHT
944,118,2021-07-08,2021,7,37.5,2400,90000.0,90199.34,Sold,DTD
985,158,2021-08-11,2021,8,32.5,3000,97500.0,97715.96,Sold,DTD
946,128,2021-04-29,2021,4,12.4,5000,62000.0,62137.32,Sold,DTD
947,143,2021-07-09,2021,7,8.05,6000,48300.0,48406.98,Sold,DTD
948,21,2020-09-01,2020,9,32.0,2000,64000.0,64141.75,Sold,DTD
949,21,2020-09-01,2020,9,32.0,2000,64000.0,64141.75,Sold,DTD
950,21,2020-09-01,2020,9,32.0,2000,64000.0,64141.75,Sold,DTD
951,7,2018-08-23,2018,8,10.45,6000,62700.0,62838.88,Sold,DIV
952,7,2018-08-23,2018,8,10.45,6000,62700.0,62838.88,Sold,DIV
953,21,2020-09-01,2020,9,32.0,2000,64000.0,64141.75,Sold,DTD
954,184,2021-07-15,2021,7,4.1,25000,102500.0,102727.03,Sold,DTD
955,115,2018-01-26,2018,1,23.4,3000,70200.0,70355.48,Sold,DTD
956,76,2020-06-15,2020,6,260.0,300,78000.0,78172.76,Sold,DTD
957,152,2021-07-19,2021,7,31.5,2000,63000.0,63139.54,Sold,DTD
958,131,2021-07-19,2021,7,113.0,1000,113000.0,113250.28,Sold,DTD
959,27,2021-07-20,2021,7,42.0,1200,50400.0,50511.63,Sold,DTD
960,134,2021-07-20,2021,7,21.1,7500,158250.0,158600.51,Sold,DTD
961,88,2021-07-21,2021,7,37.75,2500,94375.0,94584.04,Sold,HD
962,115,2018-01-26,2018,1,23.4,3000,70200.0,70355.48,Sold,DTD
963,76,2020-06-15,2020,6,260.0,300,78000.0,78172.76,Sold,DTD
988,99,2021-08-16,2021,8,10.9,15000,163500.0,163862.14,Active,HD
965,152,2021-07-27,2021,7,31.5,2000,63000.0,63139.54,Sold,DTD
1133,192,2022-02-25,2022,2,47.5,1500,71250.0,71407.81,Active,DTD
967,134,2021-07-29,2021,7,21.1,2500,52750.0,52866.83,Sold,DTD
968,27,2021-07-30,2021,7,42.0,3600,151200.0,151534.89,Sold,DTD
969,152,2021-07-19,2021,7,31.5,2000,63000.0,63139.54,Sold,DTD
970,178,2021-07-30,2021,7,10.85,10000,108500.0,108740.32,Sold,HD
971,177,2021-07-30,2021,7,11.0,10000,110000.0,110243.64,Sold,DOS
1081,88,2021-12-20,2021,12,29.5,2500,73750.0,73913.35,Sold,HD
973,128,2021-04-29,2021,4,12.4,2500,31000.0,31068.66,Sold,DTD
974,158,2021-08-02,2021,8,32.5,3000,97500.0,97715.96,Sold,DTD
975,183,2021-07-02,2021,7,34.0,1000,34000.0,34075.31,Sold,DTD
976,172,2021-08-05,2021,8,13.1,10000,131000.0,131290.15,Sold,SHT
977,166,2021-01-28,2021,1,2.34,10000,23400.0,23451.83,Sold,DTD
978,111,2021-08-06,2021,8,62.0,1500,93000.0,93205.99,Sold,DTD
979,184,2021-08-06,2021,8,3.98,25000,99500.0,99720.39,Sold,DTD
980,166,2021-01-28,2021,1,2.34,10000,23400.0,23451.83,Sold,DTD
981,166,2021-01-28,2021,1,2.34,10000,23400.0,23451.83,Sold,DTD
989,186,2021-08-16,2021,8,13.0,7500,97500.0,97715.96,Sold,DTD
991,179,2021-08-18,2021,8,11.5,10000,115000.0,115254.71,Sold,DOS
992,155,2021-08-19,2021,8,20.8,18000,374400.0,375229.26,Sold,DTD
993,187,2021-08-20,2021,8,20.25,2400,48600.0,48707.64,Sold,DTD
994,172,2021-08-27,2021,8,13.3,5200,69160.0,69313.18,Sold,SHT
995,143,2020-10-09,2020,10,8.05,5500,44275.0,44373.07,Sold,DTD
996,143,2020-10-09,2020,10,8.05,5500,44275.0,44373.07,Sold,DTD
997,172,2021-08-27,2021,8,13.3,4800,63840.0,63981.4,Sold,SHT
998,143,2020-10-09,2020,10,8.05,5000,40250.0,40339.15,Sold,DTD
999,143,2020-10-09,2020,10,8.05,5000,40250.0,40339.15,Sold,DTD
1000,188,2021-09-01,2021,9,7.45,9000,67050.0,67198.51,Active,DTD
1127,138,2022-02-23,2022,2,171.0,1200,205200.0,205654.49,Sold,HD
1002,96,2021-09-06,2021,9,45.75,2000,91500.0,91702.67,Sold,DTD
1003,91,2021-09-06,2021,9,27.0,6000,162000.0,162358.81,Sold,DOS
1004,70,2021-09-07,2021,9,55.0,3000,165000.0,165365.46,Sold,DOS
1005,77,2021-09-07,2021,9,21.7,6000,130200.0,130488.38,Active,DTD
1006,88,2021-09-13,2021,9,35.25,2500,88125.0,88320.19,Sold,HD
1009,143,2020-10-09,2020,10,8.05,6000,48300.0,48406.98,Sold,DTD
1010,190,2021-09-17,2021,9,40.0,9000,360000.0,360797.36,Sold,DTD
1011,86,2021-09-20,2021,9,410.0,300,123000.0,123272.43,Active,DTD
1013,62,2021-09-23,2021,9,10.9,24000,261600.0,262179.42,Sold,DTD
1014,88,2021-09-23,2021,9,33.25,2500,83125.0,83309.11,Sold,HD
1015,84,2021-09-27,2021,9,58.0,2000,116000.0,116256.93,Sold,DTD
1016,80,2021-09-27,2021,9,20.5,6000,123000.0,123272.43,Sold,DTD
1017,164,2021-09-27,2021,9,32.0,1500,48000.0,48106.32,Sold,DTD
1120,183,2022-02-14,2022,2,42.25,1500,63375.0,63515.37,Sold,DTD
1019,164,2021-09-28,2021,9,32.0,1000,32000.0,32070.88,Sold,DTD
1020,113,2021-09-28,2021,9,24.5,1500,36750.0,36831.39,Sold,DTD
1021,118,2021-09-28,2021,9,38.5,3000,115500.0,115755.83,Sold,DTD
1022,84,2021-09-29,2021,9,58.0,2000,116000.0,116256.93,Sold,DTD
1023,77,2021-09-30,2021,9,21.3,6000,127800.0,128083.07,Active,DTD
1024,86,2021-09-30,2021,9,400.0,300,120000.0,120265.79,Active,DTD
1088,172,2022-01-05,2022,1,12.5,10000,125000.0,125276.86,Active,DOS
1026,134,2021-10-01,2021,10,21.1,5000,105500.0,105733.68,Sold,DTD
1027,99,2021-10-04,2021,10,10.0,12000,120000.0,120265.79,Active,HD
1028,188,2021-10-05,2021,10,7.45,6000,44700.0,44799.01,Active,DTD
1029,48,2018-05-17,2018,5,10.0,10000,100000.0,100221.49,Sold,HD
1030,185,2021-10-07,2021,10,80.0,1000,80000.0,80177.19,Sold,DTD
1031,188,2021-10-08,2021,10,7.45,6000,44700.0,44799.01,Active,DTD
1032,156,2021-10-11,2021,10,8.95,10000,89500.0,89698.24,Active,HD
1033,48,2018-05-17,2018,5,10.0,10000,100000.0,100221.49,Sold,HD
1034,162,2021-10-12,2021,10,8.7,12000,104400.0,104631.24,Sold,SHT
1037,170,2021-11-02,2021,11,9.35,10000,93500.0,93707.1,Sold,DOS
1038,177,2021-11-03,2021,11,11.7,10000,117000.0,117259.14,Sold,DOS
1132,192,2022-02-25,2022,2,48.0,1500,72000.0,72159.47,Active,DTD
1040,188,2021-11-04,2021,11,7.45,6000,44700.0,44799.01,Active,DTD
1041,191,2021-11-05,2021,11,3.8,40000,152000.0,152336.66,Sold,DTD
1042,192,2021-11-08,2021,11,44.5,1500,66750.0,66897.84,Sold,HD
1043,84,2021-09-29,2021,9,58.0,2000,116000.0,116256.93,Sold,DTD
1044,193,2021-11-09,2021,11,33.0,4500,148500.0,148828.92,Sold,DOS
1045,194,2021-11-10,2021,11,20.2,7500,151500.0,151835.56,Sold,DTD
1046,195,2021-11-10,2021,11,11.9,9000,107100.0,107337.22,Sold,DTD
1138,185,2022-03-03,2022,3,58.0,1000,58000.0,58128.46,Sold,DTD
1160,43,2022-04-18,2022,4,12.8,13100,167680.0,168051.4,Active,HD
1049,183,2021-08-11,2021,8,39.0,1000,39000.0,39086.38,Sold,DTD
1050,192,2021-11-17,2021,11,43.0,1500,64500.0,64642.87,Sold,HD
1051,80,2021-11-25,2021,11,19.4,5000,97000.0,97214.85,Sold,DTD
1052,164,2021-09-28,2021,9,37.5,1500,56250.0,56374.59,Sold,DTD
1053,103,2021-11-26,2021,11,50.5,2000,101000.0,101223.7,Sold,DTD
1054,164,2021-11-26,2021,11,37.5,1500,56250.0,56374.59,Sold,DTD
1055,185,2021-10-07,2021,10,87.0,2000,174000.0,174385.39,Active,DTD
1056,183,2021-08-11,2021,8,39.0,1000,39000.0,39086.38,Sold,DTD
1057,196,2021-11-29,2021,11,136.88,800,109504.0,109746.54,Sold,DTD
1131,192,2022-02-25,2022,2,48.5,1500,72750.0,72911.13,Active,DTD
1059,118,2021-11-29,2021,11,38.5,3000,115500.0,115755.83,Sold,DTD
1060,197,2021-11-30,2021,11,1.5,10300,15450.0,15484.22,Sold,DTD
1061,198,2021-11-30,2021,11,5.0,20000,100000.0,100221.49,Sold,DTD
1062,196,2021-11-30,2021,11,136.88,800,109504.0,109746.54,Sold,DTD
1064,164,2021-11-26,2021,11,40.5,1500,60750.0,60884.55,Sold,DTD
1065,113,2021-09-28,2021,9,24.5,1500,36750.0,36831.39,Sold,DTD
1139,95,2022-03-03,2022,3,51.25,3000,153750.0,154090.54,Sold,DTD
1067,77,2021-12-07,2021,12,20.5,3000,61500.0,61636.22,Sold,DTD
1068,183,2021-08-11,2021,8,39.0,1000,39000.0,39086.38,Sold,DTD
1069,199,2021-12-08,2021,12,17.6,3000,52800.0,52916.95,Sold,DTD
1070,185,2021-10-07,2021,10,80.0,1000,80000.0,80177.19,Sold,DTD
1071,164,2021-11-26,2021,11,37.5,1500,56250.0,56374.59,Sold,DTD
1072,192,2021-11-08,2021,11,43.0,900,38700.0,38785.72,Sold,DTD
1073,88,2021-12-13,2021,12,29.5,2500,73750.0,73913.35,Sold,HD
1074,196,2021-12-14,2021,12,136.88,800,109504.0,109746.54,Sold,DTD
1075,156,2021-12-14,2021,12,8.95,10000,89500.0,89698.24,Active,HD
1076,185,2021-12-14,2021,12,87.0,2000,174000.0,174385.39,Active,DTD
1078,185,2021-12-15,2021,12,87.0,1000,87000.0,87192.7,Sold,DTD
1079,156,2021-12-16,2021,12,8.95,5100,45645.0,45746.1,Active,HD
1080,156,2021-12-17,2021,12,8.95,4900,43855.0,43952.13,Active,HD
1089,187,2022-01-05,2022,1,20.25,4800,97200.0,97415.28,Sold,DTD
1090,62,2021-09-23,2021,9,11.2,2000,22400.0,22449.62,Sold,DTD
1091,199,2021-12-08,2021,12,11.0,1500,16500.0,16536.55,Sold,DTD
1092,113,2022-01-07,2022,1,30.5,4500,137250.0,137554.0,Active,DTD
1093,199,2021-12-08,2021,12,11.0,1500,16500.0,16536.55,Sold,DTD
1185,167,2022-06-01,2022,6,1.26,100000,126000.0,126279.08,Sold,DTD
1095,199,2021-12-08,2021,12,11.0,1000,11000.0,11024.36,Sold,DTD
1096,199,2022-01-11,2022,1,17.6,3000,52800.0,52916.95,Sold,DTD
1097,164,2022-01-11,2022,1,40.5,4500,182250.0,182653.67,Sold,DTD
1098,113,2022-01-07,2022,1,31.5,1500,47250.0,47354.66,Sold,DTD
1099,176,2022-01-14,2022,1,14.0,10000,140000.0,140310.09,Sold,DOS
1100,192,2022-01-17,2022,1,44.5,1500,66750.0,66897.84,Active,DTD
1101,95,2022-01-17,2022,1,59.25,1600,94800.0,95009.98,Active,DTD
1102,185,2022-01-18,2022,1,81.0,2000,162000.0,162358.81,Active,DTD
1103,86,2022-01-18,2022,1,384.0,300,115200.0,115455.15,Sold,DTD
1121,113,2022-02-15,2022,2,25.5,3000,76500.0,76669.45,Active,DTD
1105,200,2022-01-21,2022,1,2.6,40000,104000.0,104230.35,Sold,DTD
1106,103,2022-01-25,2022,1,50.5,2000,101000.0,101223.7,Sold,DTD
1107,80,2022-01-26,2022,1,19.4,10000,194000.0,194429.69,Sold,DTD
1108,199,2022-01-26,2022,1,17.6,6000,105600.0,105833.89,Sold,DTD
1109,188,2021-09-01,2021,9,7.45,9000,67050.0,67198.51,Sold,DTD
1110,113,2022-02-01,2022,2,30.5,4500,137250.0,137554.0,Active,DTD
1111,198,2021-11-30,2021,11,5.0,10000,50000.0,50110.75,Sold,DTD
1112,178,2022-02-03,2022,2,12.4,20000,248000.0,248549.3,Sold,DOS
1155,31,2022-04-05,2022,4,4.8,15000,72000.0,72159.47,Active,HD
1114,27,2021-07-20,2021,7,42.0,1200,50400.0,50511.63,Sold,DTD
1115,103,2022-01-25,2022,1,50.5,2000,101000.0,101223.7,Sold,DTD
1116,185,2022-02-09,2022,2,67.0,3000,201000.0,201445.19,Active,DTD
1117,199,2022-01-11,2022,1,17.6,3000,52800.0,52916.95,Sold,DTD
1118,185,2022-02-11,2022,2,61.5,1000,61500.0,61636.22,Active,DTD
1119,113,2022-02-11,2022,2,26.5,3000,79500.0,79676.09,Active,DTD
1122,127,2022-02-15,2022,2,43.0,6000,258000.0,258571.44,Sold,DOS
1123,197,2021-11-30,2021,11,1.5,64700,97050.0,97264.95,Sold,DTD
1125,95,2022-02-23,2022,2,54.25,3000,162750.0,163110.47,Sold,DTD
1126,14,2022-02-23,2022,2,22.0,6000,132000.0,132292.37,Sold,DTD
1238,97,2023-02-14,2023,2,50.0,900,45000.0,45099.67,Active,DTD
1129,201,2022-02-24,2022,2,17.0,9000,153000.0,153338.88,Sold,DOS
1130,202,2022-02-24,2022,2,40.4,7500,303000.0,303671.11,Sold,DTD
1141,88,2022-03-04,2022,3,25.75,2500,64375.0,64517.59,Sold,HD
1146,183,2022-02-14,2022,2,42.25,1500,63375.0,63515.37,Sold,DTD
1143,172,2022-03-07,2022,3,12.1,10000,121000.0,121268.0,Active,DOS
1144,203,2022-03-07,2022,3,1.7,60000,102000.0,102225.92,Sold,DOS
1145,204,2022-03-07,2022,3,3.8,30000,114000.0,114252.5,Active,DOS
1147,182,2022-03-10,2022,3,13.0,10000,130000.0,130287.94,Sold,DOS
1148,185,2022-03-14,2022,3,57.5,1000,57500.0,57627.36,Sold,DTD
1149,185,2022-03-18,2022,3,64.25,1000,64250.0,64392.31,Sold,DTD
1150,113,2022-03-21,2022,3,24.5,3000,73500.0,73662.8,Sold,DTD
1151,192,2022-03-22,2022,3,50.25,3000,150750.0,151083.89,Active,DTD
1152,183,2022-02-14,2022,2,42.25,1500,63375.0,63515.37,Sold,DTD
1153,187,2022-03-24,2022,3,21.3,2400,51120.0,51233.23,Sold,DTD
1154,31,2022-03-29,2022,3,4.8,30000,144000.0,144318.95,Active,HD
1156,185,2022-04-07,2022,4,62.75,1000,62750.0,62888.98,Sold,DTD
1157,125,2022-04-07,2022,4,11.0,15000,165000.0,165365.46,Active,DTD
1158,125,2022-04-08,2022,4,11.0,15000,165000.0,165365.46,Active,DTD
1229,129,2023-01-24,2023,1,19.5,10000,195000.0,195431.91,Active,HD
1161,43,2022-04-19,2022,4,12.8,11900,152320.0,152657.37,Active,HD
1162,43,2022-04-21,2022,4,12.1,15000,181500.0,181902.01,Sold,HD
1163,125,2022-04-25,2022,4,11.0,15000,165000.0,165365.46,Active,DTD
1164,31,2022-04-25,2022,4,4.4,15000,66000.0,66146.18,Active,HD
1165,77,2022-04-29,2022,4,21.3,3000,63900.0,64041.53,Active,DTD
1166,14,2022-02-23,2022,2,22.0,3000,66000.0,66146.18,Sold,DTD
1167,31,2022-05-03,2022,5,4.4,15000,66000.0,66146.18,Active,HD
1230,97,2023-01-26,2023,1,58.5,2400,140400.0,140710.97,Active,DTD
1169,166,2022-05-05,2022,5,2.96,60000,177600.0,177993.36,Sold,DOS
1170,118,2021-11-29,2021,11,38.5,3000,115500.0,115755.83,Sold,DTD
1171,88,2022-05-06,2022,5,21.8,1500,32700.0,32772.43,Sold,HD
1172,31,2022-05-09,2022,5,4.28,15000,64200.0,64342.19,Active,HD
1239,158,2023-02-15,2023,2,30.5,1200,36600.0,36681.06,Active,DTD
1174,187,2021-08-20,2021,8,20.25,2400,48600.0,48707.64,Sold,DTD
1175,31,2022-05-12,2022,5,3.88,15000,58200.0,58328.9,Active,HD
1176,96,2021-12-28,2021,12,45.75,2000,91500.0,91702.67,Sold,DTD
1177,172,2022-05-17,2022,5,10.5,10000,105000.0,105232.56,Sold,DOS
1178,48,2022-05-19,2022,5,11.0,10000,110000.0,110243.64,Active,HD
1180,77,2022-05-25,2022,5,18.5,3000,55500.0,55622.93,Sold,DTD
1181,164,2022-05-25,2022,5,28.75,2800,80500.0,80678.3,Sold,DTD
1182,205,2022-05-26,2022,5,26.0,4500,117000.0,117259.14,Sold,DTD
1183,164,2022-05-25,2022,5,28.75,800,23000.0,23050.94,Sold,DTD
1186,164,2022-06-06,2022,6,28.5,3600,102600.0,102827.25,Sold,DTD
1187,103,2022-06-06,2022,6,57.5,3000,172500.0,172882.08,Sold,DTD
1188,99,2022-06-07,2022,6,9.3,9000,83700.0,83885.39,Active,HD
1189,103,2022-06-10,2022,6,57.5,3000,172500.0,172882.08,Sold,DTD
1190,185,2022-06-14,2022,6,61.25,1000,61250.0,61385.67,Sold,DTD
1191,99,2022-06-16,2022,6,9.0,12000,108000.0,108239.21,Sold,HD
1193,80,2022-06-22,2022,6,18.4,4500,82800.0,82983.4,Sold,DTD
1194,48,2022-06-23,2022,6,9.75,10000,97500.0,97715.96,Active,HD
1195,80,2022-06-27,2022,6,18.4,4500,82800.0,82983.4,Sold,DTD
1196,43,2022-06-28,2022,6,11.4,5000,57000.0,57126.25,Sold,HD
1197,192,2022-06-29,2022,6,39.75,3000,119250.0,119514.13,Active,DTD
1198,48,2022-07-04,2022,7,9.15,10000,91500.0,91702.67,Active,HD
1199,131,2022-08-04,2022,8,155.0,600,93000.0,93205.99,Sold,DTD
1200,206,2022-08-15,2022,8,6.7,15000,100500.0,100722.6,Sold,DTD
1201,129,2022-08-16,2022,8,19.4,5000,97000.0,97214.85,Active,HD
1202,169,2022-08-24,2022,8,9.15,10000,91500.0,91702.67,Active,DOS
1203,27,2022-08-29,2022,8,44.0,2400,105600.0,105833.89,Active,DOS
1204,48,2022-09-08,2022,9,7.85,10000,78500.0,78673.88,Sold,HD
1206,30,2022-09-08,2022,9,14.0,7500,105000.0,105232.56,Sold,DOS
1207,129,2022-09-14,2022,9,19.0,5000,95000.0,95210.42,Active,HD
1208,118,2022-09-27,2022,9,37.0,4500,166500.0,166868.79,Sold,DOS
1209,192,2022-10-12,2022,10,27.75,3000,83250.0,83434.39,Sold,HD
1210,192,2022-10-20,2022,10,27.75,3000,83250.0,83434.39,Active,HD
1211,169,2022-10-26,2022,10,8.65,10000,86500.0,86691.59,Active,HD
1212,192,2022-11-11,2022,11,30.5,3000,91500.0,91702.67,Active,HD
1213,129,2022-11-15,2022,11,18.6,10000,186000.0,186411.97,Active,HD
1214,187,2022-05-10,2022,5,20.25,2400,48600.0,48707.64,Sold,DTD
1215,207,2022-11-18,2022,11,210.0,500,105000.0,105232.56,Sold,DTD
1216,187,2021-08-20,2021,8,20.25,2400,48600.0,48707.64,Sold,DTD
1217,192,2022-11-22,2022,11,31.5,3000,94500.0,94709.31,Active,HD
1218,208,2022-11-30,2022,11,7.5,10000,75000.0,75166.12,Sold,HD
1219,113,2022-12-13,2022,12,17.0,3000,51000.0,51112.96,Sold,DTD
1220,183,2022-12-16,2022,12,28.0,3600,100800.0,101023.27,Sold,DTD
1221,158,2022-12-20,2022,12,40.0,3000,120000.0,120265.79,Sold,DTD
1222,114,2022-12-21,2022,12,12.5,7500,93750.0,93957.64,Sold,DTD
1223,183,2023-01-04,2023,1,27.5,3600,99000.0,99219.28,Sold,DTD
1224,30,2023-01-06,2023,1,12.3,12000,147600.0,147926.92,Sold,DTD
1225,169,2023-01-17,2023,1,8.9,10000,89000.0,89197.13,Active,HD
1226,169,2023-01-18,2023,1,8.9,10000,89000.0,89197.13,Sold,HD
1227,183,2023-01-19,2023,1,28.0,3600,100800.0,101023.27,Active,DTD
1228,158,2023-01-20,2023,1,39.5,3600,142200.0,142514.95,Active,DTD
1231,27,2023-01-26,2023,1,40.0,2400,96000.0,96212.63,Active,DTD
1232,156,2023-01-30,2023,1,7.7,10000,77000.0,77170.55,Active,HD
1233,156,2023-01-30,2023,1,7.7,10000,77000.0,77170.55,Sold,HD
1234,97,2023-01-30,2023,1,53.0,900,47700.0,47805.65,Active,DTD
1235,30,2023-01-31,2023,1,11.4,6000,68400.0,68551.5,Sold,HD
1236,192,2023-02-02,2023,2,30.25,3000,90750.0,90951.0,Active,HD
1237,129,2023-02-07,2023,2,18.3,10000,183000.0,183405.33,Active,HD
1240,183,2023-02-15,2023,2,21.0,1200,25200.0,25255.81,Active,DTD
1241,183,2023-02-15,2023,2,19.0,1200,22800.0,22850.5,Active,DTD
1242,57,2023-02-16,2023,2,31.0,4500,139500.0,139808.98,Active,DTD
1243,129,2023-03-01,2023,3,16.4,10000,164000.0,164363.24,Active,HD
1244,27,2023-03-08,2023,3,36.0,2400,86400.0,86591.37,Active,DTD
1245,129,2023-03-09,2023,3,14.0,5000,70000.0,70155.04,Active,HD
1246,158,2023-03-13,2023,3,23.4,1200,28080.0,28142.2,Sold,DTD
1247,129,2023-03-13,2023,3,12.6,5000,63000.0,63139.54,Active,HD
1249,30,2023-03-30,2023,3,10.9,6000,65400.0,65544.86,Sold,HD
1250,30,2023-03-30,2023,3,10.8,6000,64800.0,64943.53,Sold,HD
1251,97,2023-04-19,2023,4,39.75,1200,47700.0,47805.65,Sold,DTD
1252,158,2023-04-19,2023,4,19.6,1200,23520.0,23572.1,Sold,DTD
1253,43,2023-05-17,2023,5,7.6,3000,22800.0,22850.5,Active,DTD
1254,125,2023-05-17,2023,5,10.2,3000,30600.0,30667.77,Sold,DTD
1255,208,2023-05-19,2023,5,7.65,10000,76500.0,76669.45,Sold,HD
1256,208,2023-05-30,2023,5,7.65,10000,76500.0,76669.45,Sold,HD
1257,188,2023-05-30,2023,5,4.6,5000,23000.0,23050.94,Sold,DTD
1258,38,2023-06-01,2023,6,61.0,400,24400.0,24454.05,Sold,DTD
1259,97,2023-06-06,2023,6,39.5,600,23700.0,23752.49,Sold,DTD
1260,84,2023-06-07,2023,6,50.0,400,20000.0,20044.3,Sold,DTD
1261,209,2023-06-08,2023,6,37.0,1200,44400.0,44498.34,Active,DTD
1262,210,2023-06-15,2023,6,4.96,9000,44640.0,44738.87,Active,DTD
1263,84,2023-06-15,2023,6,50.0,900,45000.0,45099.67,Sold,DTD
1264,10,2023-06-19,2023,6,14.3,1400,20020.0,20064.34,Sold,DTD
1265,97,2023-06-19,2023,6,39.75,1800,71550.0,71708.48,Sold,DTD
1266,129,2023-06-20,2023,6,10.2,3000,30600.0,30667.77,Sold,HD
1267,158,2023-06-21,2023,6,17.0,1800,30600.0,30667.77,Sold,DTD
1268,81,2023-06-23,2023,6,10.6,2000,21200.0,21246.95,Sold,DTD
1270,158,2023-07-05,2023,7,17.0,3600,61200.0,61335.55,Sold,DTD
1271,208,2023-07-06,2023,7,7.55,10000,75500.0,75667.23,Active,DOS
1272,211,2023-07-07,2023,7,155.0,400,62000.0,62137.32,Sold,DTD
1273,163,2023-07-12,2023,7,11.4,3600,41040.0,41130.9,Active,DTD
1274,167,2023-07-21,2023,7,1.64,15000,24600.0,24654.48,Sold,DTD
1275,208,2023-07-25,2023,7,7.45,10000,74500.0,74665.02,Active,DOS
1276,169,2023-07-26,2023,7,8.0,3000,24000.0,24053.16,Active,HD
1277,182,2023-08-17,2023,8,11.0,10000,110000.0,110243.64,Active,DOS
1278,10,2023-06-19,2023,6,14.3,100,1430.0,1433.17,Sold,DTD
1279,169,2023-08-18,2023,8,7.3,3000,21900.0,21948.5,Active,HD
1280,169,2023-08-25,2023,8,7.35,6000,44100.0,44197.68,Active,HD
1281,158,2023-09-01,2023,9,23.5,1200,28200.0,28262.46,Active,DTD
