name,date,price,qty,maxp,minp
ASK,2023-02-23,31.75,1284185,32.0,31.0
ASK,2023-02-24,31.5,2801826,31.75,30.75
ASK,2023-02-27,31.5,1955274,31.75,31.0
ASK,2023-02-28,29.5,1969854,30.0,29.25
ASK,2023-03-01,29.5,544521,29.5,29.25
ASK,2023-03-02,28.25,2240966,29.75,28.25
ASK,2023-03-03,28.25,2399502,28.75,28.25
ASK,2023-03-07,28.5,1434956,29.0,28.25
ASK,2023-03-08,28.25,397189,28.5,28.0
ASK,2023-03-09,28.5,370063,28.75,28.25
ASK,2023-03-10,28.5,988485,28.75,28.0
ASK,2023-03-13,27.5,1456648,28.25,27.5
ASK,2023-03-14,26.25,1690652,27.5,26.25
ASK,2023-03-15,27.0,986255,27.0,26.5
ASK,2023-03-16,26.75,672383,27.0,26.25
ASK,2023-03-17,27.25,738673,27.5,26.75
ASK,2023-03-20,27.25,805854,27.5,26.5
ASK,2023-03-21,28.25,954185,28.5,27.5
ASK,2023-03-22,28.0,458267,28.5,28.0
ASK,2023-03-23,28.5,534270,28.75,28.0
ASK,2023-03-24,28.25,278335,28.5,28.0
ASP,2023-02-23,3.06,1264804,3.08,3.06
ASP,2023-02-24,3.06,1585716,3.08,3.04
ASP,2023-02-27,3.04,3937373,3.06,3.02
ASP,2023-02-28,3.04,3991993,3.06,3.02
ASP,2023-03-01,3.06,3881958,3.08,3.04
ASP,2023-03-02,3.06,1691219,3.08,3.04
ASP,2023-03-03,3.1,5195177,3.14,3.06
ASP,2023-03-07,3.12,6102457,3.12,3.08
ASP,2023-03-08,2.96,6568102,3.0,2.96
ASP,2023-03-09,2.96,2900520,3.0,2.94
ASP,2023-03-10,2.96,988113,2.98,2.96
ASP,2023-03-13,2.88,5800000,2.94,2.88
ASP,2023-03-14,2.82,7858601,2.88,2.78
ASP,2023-03-15,2.84,3408696,2.86,2.78
ASP,2023-03-16,2.82,2642852,2.82,2.76
ASP,2023-03-17,2.84,1475472,2.86,2.82
ASP,2023-03-20,2.82,1137928,2.86,2.82
ASP,2023-03-21,2.86,1114871,2.88,2.82
ASP,2023-03-22,2.86,1052679,2.9,2.86
ASP,2023-03-23,2.88,416217,2.9,2.88
ASP,2023-03-24,2.88,397287,2.9,2.88
AWC,2023-02-23,6.05,91507165,6.05,5.85
AWC,2023-02-24,6.0,42261073,6.1,5.9
AWC,2023-02-27,5.95,44852305,6.0,5.9
AWC,2023-02-28,5.9,74620880,6.05,5.8
AWC,2023-03-01,5.8,48094022,5.95,5.8
AWC,2023-03-02,5.9,37607786,5.95,5.8
AWC,2023-03-03,5.8,51659055,5.9,5.65
AWC,2023-03-07,5.9,40538104,5.95,5.7
AWC,2023-03-08,5.85,65227931,5.85,5.7
AWC,2023-03-09,5.8,60581522,5.85,5.75
AWC,2023-03-10,5.65,47456357,5.8,5.6
AWC,2023-03-13,5.4,60265071,5.7,5.35
AWC,2023-03-14,5.25,132259490,5.4,5.2
AWC,2023-03-15,5.35,55923698,5.45,5.25
AWC,2023-03-16,5.35,40505971,5.45,5.2
AWC,2023-03-17,5.4,77380150,5.55,5.35
AWC,2023-03-20,5.35,35719285,5.5,5.35
AWC,2023-03-21,5.45,33375588,5.5,5.35
AWC,2023-03-22,5.6,44086137,5.65,5.45
AWC,2023-03-23,5.65,14818101,5.7,5.6
AWC,2023-03-24,5.6,19933301,5.75,5.55
BANPU,2023-02-23,11.3,232231875,11.4,10.8
BANPU,2023-02-24,11.2,126287960,11.4,11.2
BANPU,2023-02-27,11.2,131608175,11.5,11.1
BANPU,2023-02-28,10.9,814092862,11.3,10.7
BANPU,2023-03-01,10.8,115428167,11.0,10.7
BANPU,2023-03-02,10.9,53712126,11.0,10.8
BANPU,2023-03-03,10.9,92081410,11.1,10.9
BANPU,2023-03-07,10.8,85811828,11.0,10.8
BANPU,2023-03-08,10.9,134356776,11.0,10.7
BANPU,2023-03-09,10.8,71187975,11.0,10.7
BANPU,2023-03-10,10.8,37335363,10.8,10.7
BANPU,2023-03-13,10.7,110122098,11.0,10.6
BANPU,2023-03-14,10.4,212454122,10.8,10.3
BANPU,2023-03-15,10.6,67326757,10.7,10.5
BANPU,2023-03-16,10.2,215573895,10.5,10.0
BANPU,2023-03-17,10.5,147959636,10.5,10.1
BANPU,2023-03-20,10.2,115334700,10.4,10.1
BANPU,2023-03-21,10.5,54854113,10.5,10.2
BANPU,2023-03-22,10.7,73358206,10.9,10.5
BANPU,2023-03-23,10.9,98047321,11.0,10.6
BANPU,2023-03-24,10.8,102586926,11.1,10.8
BCH,2023-02-23,21.3,4128256,21.3,21.1
BCH,2023-02-24,21.0,9914562,21.3,20.8
BCH,2023-02-27,20.7,7471008,21.0,20.6
BCH,2023-02-28,19.9,25693666,20.8,19.8
BCH,2023-03-01,19.7,7085253,20.2,19.6
BCH,2023-03-02,19.2,11183140,19.8,19.1
BCH,2023-03-03,19.3,23613889,19.6,19.0
BCH,2023-03-07,19.5,6898817,19.5,19.2
BCH,2023-03-08,19.3,5545726,19.5,19.2
BCH,2023-03-09,19.9,10825667,19.9,19.3
BCH,2023-03-10,20.0,4967048,20.0,19.6
BCH,2023-03-13,19.4,10316931,19.9,19.3
BCH,2023-03-14,18.9,11774973,19.5,18.8
BCH,2023-03-15,19.6,8713060,19.8,19.0
BCH,2023-03-16,19.8,9090698,19.9,19.1
BCH,2023-03-17,20.1,12136166,20.1,19.7
BCH,2023-03-20,19.7,7034941,20.1,19.5
BCH,2023-03-21,20.0,5296376,20.1,19.5
BCH,2023-03-22,19.9,3874819,20.1,19.8
BCH,2023-03-23,19.8,7770788,20.0,19.6
BCH,2023-03-24,19.9,3717436,20.1,19.8
CPNREIT,2023-02-23,18.1,3217493,18.2,18.0
CPNREIT,2023-02-24,17.8,3225596,18.2,17.6
CPNREIT,2023-02-27,17.7,1593259,17.8,17.5
CPNREIT,2023-02-28,17.0,4026178,17.5,17.0
CPNREIT,2023-03-01,16.0,6304864,17.2,15.9
CPNREIT,2023-03-02,15.0,8141610,16.1,14.9
CPNREIT,2023-03-03,14.6,10189854,15.3,14.2
CPNREIT,2023-03-07,14.5,3063819,14.8,14.5
CPNREIT,2023-03-08,14.2,3141502,14.6,14.1
CPNREIT,2023-03-09,13.1,13698456,14.4,12.8
CPNREIT,2023-03-10,13.0,9300676,13.1,12.8
CPNREIT,2023-03-13,12.4,11668810,13.0,12.3
CPNREIT,2023-03-14,12.2,13537588,12.6,12.1
CPNREIT,2023-03-15,12.0,15576969,12.3,11.9
CPNREIT,2023-03-16,12.5,13771277,12.6,11.7
CPNREIT,2023-03-17,13.0,24172823,13.7,12.6
CPNREIT,2023-03-20,12.8,6086064,13.1,12.8
CPNREIT,2023-03-21,13.1,1205023,13.2,12.8
CPNREIT,2023-03-22,13.3,2540892,13.3,13.0
CPNREIT,2023-03-23,13.1,3725282,13.2,13.0
CPNREIT,2023-03-24,13.1,2923557,13.3,13.0
DIF,2023-02-23,13.2,2396091,13.3,13.2
DIF,2023-02-24,13.3,5143143,13.3,13.2
DIF,2023-02-27,13.3,3449771,13.3,13.2
DIF,2023-02-28,13.3,10083000,13.4,13.2
DIF,2023-03-01,13.3,2531717,13.3,13.2
DIF,2023-03-02,13.3,11199483,13.4,13.2
DIF,2023-03-03,13.2,2470166,13.3,13.2
DIF,2023-03-07,13.3,5839157,13.3,13.2
DIF,2023-03-08,13.2,27794621,13.3,13.2
DIF,2023-03-09,13.1,13256420,13.3,13.1
DIF,2023-03-10,12.9,60205833,13.2,12.8
DIF,2023-03-13,12.8,20010239,13.0,12.8
DIF,2023-03-14,12.5,38342867,12.8,12.4
DIF,2023-03-15,12.8,25001489,12.9,12.5
DIF,2023-03-16,12.7,7537715,12.8,12.6
DIF,2023-03-17,12.8,28002506,13.1,12.7
DIF,2023-03-20,12.8,10708163,12.9,12.7
DIF,2023-03-21,12.8,12276579,12.9,12.7
DIF,2023-03-22,12.8,6046564,12.9,12.7
DIF,2023-03-23,12.9,9188905,13.0,12.7
DIF,2023-03-24,12.9,2611073,12.9,12.8
GULF,2023-02-23,53.25,14216774,54.5,53.25
GULF,2023-02-24,52.25,29983440,53.5,52.0
GULF,2023-02-27,52.25,13269685,52.5,51.5
GULF,2023-02-28,52.5,9704749,53.0,52.25
GULF,2023-03-01,51.25,10696200,52.25,51.25
GULF,2023-03-02,50.25,29651491,51.75,50.25
GULF,2023-03-03,50.25,18339641,51.25,50.0
GULF,2023-03-07,51.0,10639784,51.5,50.25
GULF,2023-03-08,50.5,18742377,51.0,50.0
GULF,2023-03-09,51.5,15342892,51.75,50.5
GULF,2023-03-10,51.5,15902536,51.75,51.0
GULF,2023-03-13,50.75,26585766,52.0,50.5
GULF,2023-03-14,48.75,35571646,50.75,48.5
GULF,2023-03-15,50.25,19247249,50.75,49.25
GULF,2023-03-16,50.75,17898795,51.0,49.75
GULF,2023-03-17,50.75,17495812,51.25,50.25
GULF,2023-03-20,51.25,19959274,51.75,50.75
GULF,2023-03-21,52.75,22681038,53.25,51.75
GULF,2023-03-22,52.5,14128291,53.25,52.0
GULF,2023-03-23,52.75,5688463,53.0,52.5
GULF,2023-03-24,53.25,13661255,53.75,52.75
GVREIT,2023-02-23,9.7,245500,9.7,9.65
GVREIT,2023-02-24,9.65,395700,9.65,9.6
GVREIT,2023-02-27,9.5,249955,9.5,9.35
GVREIT,2023-02-28,9.45,103400,9.5,9.4
GVREIT,2023-03-01,9.4,407400,9.5,9.3
GVREIT,2023-03-02,9.3,149900,9.4,9.3
GVREIT,2023-03-03,9.45,94400,9.45,9.3
GVREIT,2023-03-07,9.35,111400,9.45,9.35
GVREIT,2023-03-08,9.45,161300,9.45,9.3
GVREIT,2023-03-09,9.4,120000,9.45,9.4
GVREIT,2023-03-10,9.2,266100,9.4,9.2
GVREIT,2023-03-13,8.95,382202,9.25,8.9
GVREIT,2023-03-14,8.95,317900,9.0,8.85
GVREIT,2023-03-15,9.1,217300,9.1,8.85
GVREIT,2023-03-16,9.1,228326,9.1,8.95
GVREIT,2023-03-17,9.25,175600,9.25,9.1
GVREIT,2023-03-20,9.1,145800,9.25,9.1
GVREIT,2023-03-21,9.15,155500,9.15,9.05
GVREIT,2023-03-22,9.25,511010,9.25,9.2
GVREIT,2023-03-23,9.2,200402,9.25,9.15
GVREIT,2023-03-24,9.25,84500,9.35,9.2
IVL,2023-02-23,38.5,20722328,39.0,38.0
IVL,2023-02-24,37.75,18127534,38.5,37.75
IVL,2023-02-27,37.25,29303863,37.75,36.5
IVL,2023-02-28,36.75,21000598,37.5,36.5
IVL,2023-03-01,36.5,11104006,37.25,36.5
IVL,2023-03-02,37.0,23707201,37.5,36.5
IVL,2023-03-03,37.25,9065882,37.75,37.0
IVL,2023-03-07,36.75,22027158,37.25,36.5
IVL,2023-03-08,35.5,27832827,36.75,35.5
IVL,2023-03-09,35.5,19947190,35.75,35.0
IVL,2023-03-10,35.75,13245243,36.25,35.25
IVL,2023-03-13,35.25,18665202,36.25,35.0
IVL,2023-03-14,33.75,31624278,35.5,33.5
IVL,2023-03-15,35.0,18259676,35.5,34.25
IVL,2023-03-16,34.25,19656252,34.5,33.5
IVL,2023-03-17,33.75,40640991,34.5,33.5
IVL,2023-03-20,33.75,24575003,34.25,32.75
IVL,2023-03-21,34.0,18510603,34.5,33.5
IVL,2023-03-22,35.0,20322006,35.25,34.0
IVL,2023-03-23,35.0,13703378,35.5,34.5
IVL,2023-03-24,35.0,19679227,35.75,34.75
JASIF,2023-02-23,8.25,14364716,8.3,8.2
JASIF,2023-02-24,8.2,14122906,8.3,8.2
JASIF,2023-02-27,8.2,10137527,8.3,8.2
JASIF,2023-02-28,8.2,18040770,8.3,8.2
JASIF,2023-03-01,8.2,19373263,8.25,8.2
JASIF,2023-03-02,8.0,12639182,8.0,7.95
JASIF,2023-03-03,7.95,3665948,8.0,7.95
JASIF,2023-03-07,7.95,12372453,8.0,7.95
JASIF,2023-03-08,7.95,17827153,8.0,7.9
JASIF,2023-03-09,8.05,23682306,8.05,7.9
JASIF,2023-03-10,8.0,11354707,8.05,7.95
JASIF,2023-03-13,7.95,6592978,8.0,7.95
JASIF,2023-03-14,7.7,23527236,7.95,7.65
JASIF,2023-03-15,7.8,15165340,7.85,7.7
JASIF,2023-03-16,7.75,18254253,7.8,7.65
JASIF,2023-03-17,7.65,10848452,7.85,7.65
JASIF,2023-03-20,7.7,10960018,7.75,7.6
JASIF,2023-03-21,7.7,4295777,7.75,7.65
JASIF,2023-03-22,7.7,11689509,7.75,7.65
JASIF,2023-03-23,7.0,201605195,7.45,6.8
JASIF,2023-03-24,7.05,66343500,7.2,6.95
JMART,2023-02-23,29.0,11137272,29.25,28.5
JMART,2023-02-24,27.75,16819177,29.0,27.75
JMART,2023-02-27,28.0,8636469,28.5,27.0
JMART,2023-02-28,28.25,10426486,28.75,27.75
JMART,2023-03-01,27.5,6432321,28.5,27.5
JMART,2023-03-02,26.75,14881857,28.0,26.5
JMART,2023-03-03,26.75,7900003,27.25,26.25
JMART,2023-03-07,27.0,8514272,27.75,27.0
JMART,2023-03-08,26.5,18841420,27.0,25.75
JMART,2023-03-09,25.25,28249487,27.0,24.8
JMART,2023-03-10,23.8,31515074,25.25,23.7
JMART,2023-03-13,22.5,47000748,23.7,22.3
JMART,2023-03-14,23.0,23541053,23.5,22.7
JMART,2023-03-15,21.4,63665369,23.4,21.3
JMART,2023-03-16,22.0,54421930,22.3,21.2
JMART,2023-03-17,22.4,39158061,22.9,22.1
JMART,2023-03-20,23.3,37126346,23.5,22.5
JMART,2023-03-21,24.6,40040337,25.25,23.5
JMART,2023-03-22,22.9,50174085,24.4,22.6
JMART,2023-03-23,23.3,25657583,23.4,22.6
JMART,2023-03-24,23.1,15120590,23.6,22.9
JMT,2023-02-23,48.5,9038009,48.75,47.75
JMT,2023-02-24,47.5,12487479,49.0,47.25
JMT,2023-02-27,47.5,7279142,48.0,46.75
JMT,2023-02-28,46.5,13086866,48.75,46.5
JMT,2023-03-01,46.0,8771106,47.25,45.75
JMT,2023-03-02,45.25,10826586,46.75,44.25
JMT,2023-03-03,45.0,6370767,46.0,44.75
JMT,2023-03-07,45.0,7663658,46.25,44.75
JMT,2023-03-08,44.25,7855216,45.0,43.75
JMT,2023-03-09,43.25,10552470,45.25,43.25
JMT,2023-03-10,42.5,9108463,43.5,42.25
JMT,2023-03-13,41.0,17893808,43.25,40.5
JMT,2023-03-14,42.0,14916321,43.25,41.5
JMT,2023-03-15,42.75,15553538,43.25,41.25
JMT,2023-03-16,43.75,14603538,43.75,41.75
JMT,2023-03-17,46.5,20585338,47.0,44.5
JMT,2023-03-20,46.0,20184215,47.5,45.75
JMT,2023-03-21,47.5,16387528,48.0,45.75
JMT,2023-03-22,46.25,19416177,48.0,45.75
JMT,2023-03-23,47.0,11871428,47.5,46.0
JMT,2023-03-24,47.0,10151477,47.75,46.25
KCE,2023-02-23,47.25,5977020,47.25,46.5
KCE,2023-02-24,46.0,21559427,47.5,45.25
KCE,2023-03-01,47.5,15233320,48.0,46.5
KCE,2023-03-02,47.0,14878604,48.5,46.75
KCE,2023-03-03,47.0,8714608,47.5,46.25
KCE,2023-03-07,48.5,14589292,48.5,47.25
KCE,2023-03-08,48.0,9532328,48.0,47.25
KCE,2023-03-09,48.5,9962798,49.0,48.0
KCE,2023-03-10,48.0,4682548,48.5,47.5
KCE,2023-03-13,46.75,7620767,48.25,46.75
KCE,2023-03-14,45.0,14575841,47.25,44.5
KCE,2023-03-15,46.25,6555915,46.5,45.5
KCE,2023-03-16,45.25,7222686,46.0,45.0
KCE,2023-03-17,43.25,17535445,46.5,42.5
KCE,2023-03-20,42.25,7254595,43.25,41.75
KCE,2023-03-21,43.0,5728025,43.25,42.25
KCE,2023-03-22,43.25,5258069,43.75,43.0
KCE,2023-03-23,44.75,9345394,45.0,43.0
KCE,2023-03-24,45.75,13464300,46.25,44.5
MCS,2023-02-23,10.1,2155887,10.1,9.95
MCS,2023-02-24,10.2,1693849,10.3,9.95
MCS,2023-02-27,10.0,1519625,10.2,9.9
MCS,2023-02-28,9.8,2511948,10.0,9.55
MCS,2023-03-01,9.65,1002104,9.85,9.65
MCS,2023-03-02,9.75,1626490,9.75,9.6
MCS,2023-03-03,9.45,1464157,9.7,9.45
MCS,2023-03-07,9.2,1599522,9.45,9.2
MCS,2023-03-08,9.2,392318,9.25,9.15
MCS,2023-03-09,9.25,405280,9.3,9.15
MCS,2023-03-10,9.35,771818,9.4,9.25
MCS,2023-03-13,9.4,1604999,9.45,9.3
MCS,2023-03-14,9.1,746128,9.4,9.1
MCS,2023-03-15,9.2,456983,9.25,9.15
MCS,2023-03-16,9.0,911064,9.2,8.9
MCS,2023-03-17,8.85,623424,8.9,8.8
MCS,2023-03-20,8.65,797631,8.8,8.65
MCS,2023-03-21,8.7,235160,8.75,8.65
MCS,2023-03-22,8.9,865211,8.9,8.7
MCS,2023-03-23,9.0,476131,9.05,8.85
MCS,2023-03-24,9.15,413152,9.2,9.1
NER,2023-02-23,6.2,7842776,6.2,6.15
NER,2023-02-24,6.2,10762569,6.2,6.1
NER,2023-02-27,6.25,8504306,6.3,6.15
NER,2023-02-28,6.15,7501474,6.3,6.1
NER,2023-03-01,6.15,4738595,6.25,6.15
NER,2023-03-02,6.15,5752883,6.25,6.1
NER,2023-03-03,6.25,12061486,6.3,6.15
NER,2023-03-07,6.15,4061225,6.25,6.15
NER,2023-03-08,6.15,2242634,6.15,6.1
NER,2023-03-09,6.15,2808446,6.2,6.1
NER,2023-03-10,6.1,7882886,6.2,6.1
NER,2023-03-13,5.9,14912576,6.1,5.9
NER,2023-03-14,5.6,28771597,6.0,5.6
NER,2023-03-15,5.8,10977762,5.85,5.7
NER,2023-03-16,5.75,12587903,5.85,5.65
NER,2023-03-17,5.85,2908028,5.85,5.75
NER,2023-03-20,5.8,7324698,5.85,5.7
NER,2023-03-21,5.85,5730726,5.9,5.75
NER,2023-03-22,5.85,5147556,5.95,5.8
NER,2023-03-23,5.9,4160939,5.95,5.8
NER,2023-03-24,5.9,2685653,5.95,5.85
ORI,2023-02-23,12.1,4803537,12.2,11.9
ORI,2023-02-24,11.8,5574476,12.1,11.7
ORI,2023-02-27,11.9,4821540,11.9,11.8
ORI,2023-02-28,11.9,7460748,11.9,11.6
ORI,2023-03-01,11.6,9108752,11.9,11.6
ORI,2023-03-02,11.6,6914775,11.8,11.6
ORI,2023-03-03,11.6,4616328,11.8,11.6
ORI,2023-03-07,11.9,7461485,11.9,11.6
ORI,2023-03-08,12.2,14128243,12.2,11.7
ORI,2023-03-09,12.8,26507688,12.8,12.1
ORI,2023-03-10,12.5,20149491,12.9,12.5
ORI,2023-03-13,12.4,13384752,12.8,12.3
ORI,2023-03-14,11.7,36922155,12.5,11.5
ORI,2023-03-15,11.9,17178634,12.1,11.6
ORI,2023-03-16,11.8,11158779,12.0,11.5
ORI,2023-03-17,11.9,5244627,12.1,11.8
ORI,2023-03-20,11.8,6612179,12.0,11.8
ORI,2023-03-21,11.8,7021174,12.0,11.7
ORI,2023-03-22,11.8,6274817,12.0,11.7
ORI,2023-03-23,11.8,5184656,11.9,11.7
ORI,2023-03-24,11.7,5125984,11.9,11.6
PTTGC,2023-02-23,47.75,16083153,48.75,47.25
PTTGC,2023-02-24,47.5,10894667,48.25,47.0
PTTGC,2023-02-27,47.5,9015221,48.0,47.0
PTTGC,2023-02-28,47.25,11606737,48.0,46.5
PTTGC,2023-03-01,47.0,7958611,47.75,47.0
PTTGC,2023-03-02,48.25,16205129,48.5,47.25
PTTGC,2023-03-03,48.0,7771327,48.5,47.75
PTTGC,2023-03-07,48.0,11042387,48.75,47.5
PTTGC,2023-03-08,48.25,14256791,48.25,47.25
PTTGC,2023-03-09,48.0,10491853,48.25,47.25
PTTGC,2023-03-10,47.25,13871496,47.75,47.0
PTTGC,2023-03-13,46.5,11397275,47.5,46.5
PTTGC,2023-03-14,45.0,28109473,46.5,44.5
PTTGC,2023-03-15,45.75,9968017,46.0,45.25
PTTGC,2023-03-16,44.25,19382953,45.25,43.75
PTTGC,2023-03-17,44.25,22175587,45.25,43.75
PTTGC,2023-03-20,44.0,17632906,44.5,43.25
PTTGC,2023-03-21,44.75,10597100,45.0,44.0
PTTGC,2023-03-22,46.25,14156758,46.5,44.75
PTTGC,2023-03-23,46.5,7818735,46.75,45.75
PTTGC,2023-03-24,46.25,11164057,47.0,46.0
RCL,2023-02-23,31.5,3923532,31.75,31.0
RCL,2023-02-24,31.75,14017609,32.5,31.25
RCL,2023-02-27,31.0,10194436,32.25,30.75
RCL,2023-02-28,31.25,6586026,31.5,31.0
RCL,2023-03-01,31.5,8446166,32.0,31.25
RCL,2023-03-02,31.5,6042585,32.0,31.25
RCL,2023-03-03,31.75,3255503,32.0,31.25
RCL,2023-03-07,31.75,4312404,32.0,31.5
RCL,2023-03-08,32.0,5438791,32.0,31.5
RCL,2023-03-09,32.25,7085635,32.5,32.0
RCL,2023-03-10,32.5,7188871,33.0,32.25
RCL,2023-03-13,31.25,12461040,32.25,31.25
RCL,2023-03-14,30.75,13679954,31.5,30.25
RCL,2023-03-15,31.25,10883250,31.75,31.0
RCL,2023-03-16,27.75,10610364,28.0,27.25
RCL,2023-03-17,27.5,7055960,28.25,27.25
RCL,2023-03-20,28.25,6971845,28.75,27.0
RCL,2023-03-21,28.25,3100918,28.5,28.0
RCL,2023-03-22,28.0,2504426,28.5,28.0
RCL,2023-03-23,28.0,1417363,28.0,27.75
RCL,2023-03-24,27.75,3295640,28.25,27.5
SCC,2023-02-23,338.0,1093452,339.0,336.0
SCC,2023-02-24,331.0,1912157,338.0,330.0
SCC,2023-02-27,328.0,1848070,332.0,328.0
SCC,2023-02-28,327.0,2524806,331.0,326.0
SCC,2023-03-01,321.0,3177104,329.0,321.0
SCC,2023-03-02,330.0,4015702,332.0,322.0
SCC,2023-03-03,328.0,1475661,333.0,328.0
SCC,2023-03-07,334.0,3774900,337.0,332.0
SCC,2023-03-08,331.0,3890150,333.0,327.0
SCC,2023-03-09,331.0,1546721,332.0,330.0
SCC,2023-03-10,331.0,1179284,331.0,328.0
SCC,2023-03-13,329.0,2024557,332.0,328.0
SCC,2023-03-14,316.0,4175360,329.0,316.0
SCC,2023-03-15,323.0,2302398,326.0,321.0
SCC,2023-03-16,318.0,2709002,321.0,315.0
SCC,2023-03-17,315.0,4160480,320.0,313.0
SCC,2023-03-20,315.0,2311337,316.0,311.0
SCC,2023-03-21,320.0,1179841,320.0,315.0
SCC,2023-03-22,321.0,894894,322.0,318.0
SCC,2023-03-23,322.0,1107107,323.0,318.0
SCC,2023-03-24,319.0,1628404,322.0,318.0
SENA,2023-02-23,3.96,238966,3.98,3.94
SENA,2023-02-24,3.94,782854,3.96,3.92
SENA,2023-02-27,3.92,699524,3.96,3.92
SENA,2023-02-28,3.72,4793877,3.86,3.7
SENA,2023-03-01,3.66,1931378,3.74,3.66
SENA,2023-03-02,3.6,2731712,3.66,3.58
SENA,2023-03-03,3.6,699455,3.6,3.56
SENA,2023-03-07,3.6,1469973,3.6,3.56
SENA,2023-03-08,3.56,1819674,3.58,3.52
SENA,2023-03-09,3.58,1563247,3.58,3.52
SENA,2023-03-10,3.52,3819263,3.58,3.48
SENA,2023-03-13,3.46,1396660,3.52,3.46
SENA,2023-03-14,3.34,4614985,3.46,3.32
SENA,2023-03-15,3.44,1080301,3.48,3.36
SENA,2023-03-16,3.42,3766011,3.44,3.36
SENA,2023-03-17,3.44,684537,3.46,3.4
SENA,2023-03-20,3.42,732869,3.46,3.4
SENA,2023-03-21,3.46,425826,3.46,3.42
SENA,2023-03-22,3.48,994841,3.48,3.44
SENA,2023-03-23,3.5,1034699,3.5,3.44
SENA,2023-03-24,3.48,1517946,3.5,3.46
SINGER,2023-02-23,22.9,29704555,23.6,22.6
SINGER,2023-02-24,22.0,22689633,23.3,21.9
SINGER,2023-02-27,22.7,24302313,22.9,21.8
SINGER,2023-02-28,22.5,16926025,23.1,22.4
SINGER,2023-03-01,21.5,9288348,22.8,21.3
SINGER,2023-03-02,23.1,61598983,23.6,21.9
SINGER,2023-03-03,22.2,23774295,23.0,22.1
SINGER,2023-03-07,21.8,15512324,22.7,21.7
SINGER,2023-03-08,21.7,8926686,22.2,21.6
SINGER,2023-03-09,21.1,8701696,21.9,21.0
SINGER,2023-03-10,20.0,13445142,21.1,19.9
SINGER,2023-03-13,19.6,15060955,20.6,19.5
SINGER,2023-03-14,20.1,25972264,20.5,19.8
SINGER,2023-03-15,20.0,14007590,20.4,19.7
SINGER,2023-03-16,19.3,15906074,20.0,19.2
SINGER,2023-03-17,18.8,14186914,19.7,18.8
SINGER,2023-03-20,18.5,15583289,19.4,18.3
SINGER,2023-03-21,18.9,29685043,19.0,18.2
SINGER,2023-03-22,17.8,56963689,19.6,17.7
SINGER,2023-03-23,18.0,37859858,18.4,17.5
SINGER,2023-03-24,17.8,16747433,18.1,17.7
STA,2023-02-23,25.75,3335547,25.75,25.25
STA,2023-02-24,25.25,7323636,25.75,25.0
STA,2023-02-27,25.75,3712404,26.0,25.5
STA,2023-02-28,25.25,10895552,26.0,24.3
STA,2023-03-01,24.8,6633640,25.5,24.5
STA,2023-03-02,24.7,3787525,25.0,24.5
STA,2023-03-03,24.3,3335042,24.6,24.1
STA,2023-03-07,23.6,7820258,24.4,23.2
STA,2023-03-08,23.4,5099847,24.2,23.3
STA,2023-03-09,23.4,5043784,23.9,23.3
STA,2023-03-10,23.3,5422085,23.5,22.9
STA,2023-03-13,22.7,4979679,23.2,22.6
STA,2023-03-14,22.0,7691055,22.9,21.7
STA,2023-03-15,22.0,5118986,22.3,21.9
STA,2023-03-16,20.8,14361395,21.9,20.3
STA,2023-03-17,20.4,29394975,21.0,20.2
STA,2023-03-20,20.4,7043273,20.6,20.0
STA,2023-03-21,20.8,3698141,20.9,20.3
STA,2023-03-22,20.9,4476390,21.4,20.8
STA,2023-03-23,21.8,8525018,21.9,20.5
STA,2023-03-24,21.7,3287109,21.9,21.5
SYNEX,2023-02-23,16.4,838052,16.8,16.3
SYNEX,2023-02-24,16.2,672226,16.5,16.1
SYNEX,2023-02-27,16.2,863659,16.3,16.0
SYNEX,2023-02-28,16.1,790040,16.4,16.0
SYNEX,2023-03-01,15.9,465617,16.2,15.9
SYNEX,2023-03-02,16.0,358583,16.1,15.9
SYNEX,2023-03-03,15.6,1664125,16.0,15.5
SYNEX,2023-03-07,16.0,948141,16.1,15.7
SYNEX,2023-03-08,16.1,1188052,16.1,15.8
SYNEX,2023-03-09,15.6,1400648,15.8,15.5
SYNEX,2023-03-10,15.5,420996,15.7,15.5
SYNEX,2023-03-13,15.4,3696017,15.6,15.0
SYNEX,2023-03-14,14.6,1421368,15.2,14.6
SYNEX,2023-03-15,15.0,918952,15.2,14.8
SYNEX,2023-03-16,14.8,1268826,14.9,14.6
SYNEX,2023-03-17,15.0,778645,15.0,14.8
SYNEX,2023-03-20,14.8,679720,15.0,14.7
SYNEX,2023-03-21,15.1,518944,15.2,14.9
SYNEX,2023-03-22,15.2,360216,15.3,15.0
SYNEX,2023-03-23,15.1,698071,15.3,15.0
SYNEX,2023-03-24,15.1,1434830,15.4,15.1
TFFIF,2023-02-23,7.95,1240409,8.0,7.95
TFFIF,2023-02-24,7.9,458200,8.0,7.9
TFFIF,2023-02-27,7.9,3393208,7.95,7.9
TFFIF,2023-02-28,7.95,1456767,7.95,7.85
TFFIF,2023-03-01,8.0,2201111,8.05,7.9
TFFIF,2023-03-02,7.85,1597902,7.95,7.85
TFFIF,2023-03-03,7.85,877100,7.85,7.8
TFFIF,2023-03-07,7.8,1455308,7.85,7.8
TFFIF,2023-03-08,7.75,567100,7.8,7.75
TFFIF,2023-03-09,7.8,1670400,7.8,7.75
TFFIF,2023-03-10,7.75,1318406,7.8,7.7
TFFIF,2023-03-13,7.7,2385200,7.8,7.7
TFFIF,2023-03-14,7.55,5461500,7.75,7.5
TFFIF,2023-03-15,7.7,2833142,7.75,7.55
TFFIF,2023-03-16,7.7,1481620,7.7,7.6
TFFIF,2023-03-17,7.8,5132500,7.8,7.7
TFFIF,2023-03-20,7.7,1920701,7.8,7.65
TFFIF,2023-03-21,7.75,5242200,7.75,7.7
TFFIF,2023-03-22,7.75,756300,7.75,7.7
TFFIF,2023-03-23,7.7,973541,7.75,7.7
TFFIF,2023-03-24,7.7,1934400,7.75,7.7
TMT,2023-02-23,8.0,94149,8.05,7.95
TMT,2023-02-24,7.8,938386,8.05,7.75
TMT,2023-02-27,7.75,296592,7.85,7.7
TMT,2023-02-28,7.65,202342,7.8,7.65
TMT,2023-03-01,7.55,374117,7.7,7.5
TMT,2023-03-02,7.4,379984,7.6,7.35
TMT,2023-03-03,7.45,76401,7.45,7.35
TMT,2023-03-07,7.45,208989,7.5,7.45
TMT,2023-03-08,7.4,160309,7.45,7.35
TMT,2023-03-09,7.45,131833,7.5,7.4
TMT,2023-03-10,7.45,292600,7.5,7.4
TMT,2023-03-13,7.35,264139,7.45,7.3
TMT,2023-03-14,7.2,386928,7.4,7.15
TMT,2023-03-15,7.3,86123,7.35,7.2
TMT,2023-03-16,7.4,418343,7.4,7.2
TMT,2023-03-17,7.5,213651,7.55,7.4
TMT,2023-03-20,7.4,159105,7.55,7.4
TMT,2023-03-21,7.5,116233,7.55,7.4
TMT,2023-03-22,7.5,64449,7.6,7.5
TMT,2023-03-23,7.6,24318,7.6,7.45
TMT,2023-03-24,7.75,89309,7.75,7.55
TTB,2023-02-23,1.39,184096615,1.4,1.38
TTB,2023-02-24,1.4,181084855,1.41,1.39
TTB,2023-02-27,1.4,160527069,1.41,1.39
TTB,2023-02-28,1.4,140570949,1.41,1.4
TTB,2023-03-01,1.39,144166345,1.41,1.39
TTB,2023-03-02,1.37,341336377,1.39,1.36
TTB,2023-03-03,1.39,260463858,1.39,1.36
TTB,2023-03-07,1.39,133798815,1.4,1.38
TTB,2023-03-08,1.38,257348226,1.39,1.37
TTB,2023-03-09,1.39,223967154,1.39,1.37
TTB,2023-03-10,1.38,155094010,1.4,1.38
TTB,2023-03-13,1.36,373856981,1.39,1.35
TTB,2023-03-14,1.3,786156594,1.36,1.29
TTB,2023-03-15,1.32,478650232,1.34,1.32
TTB,2023-03-16,1.31,396715472,1.32,1.29
TTB,2023-03-17,1.35,379502367,1.35,1.32
TTB,2023-03-20,1.33,286911014,1.34,1.32
TTB,2023-03-21,1.36,320127332,1.36,1.33
TTB,2023-03-22,1.38,440628071,1.4,1.37
TTB,2023-03-23,1.38,197535732,1.39,1.37
TTB,2023-03-24,1.37,158790078,1.39,1.37
WHAIR,2023-02-23,7.6,614800,7.7,7.55
WHAIR,2023-02-24,7.65,596864,7.65,7.5
WHAIR,2023-02-27,7.7,118910,7.7,7.55
WHAIR,2023-02-28,7.65,590630,7.7,7.55
WHAIR,2023-03-01,7.65,76605,7.65,7.6
WHAIR,2023-03-02,7.6,637701,7.6,7.5
WHAIR,2023-03-03,7.6,747319,7.7,7.55
WHAIR,2023-03-07,7.7,242705,7.7,7.6
WHAIR,2023-03-08,7.7,602297,7.75,7.6
WHAIR,2023-03-09,7.6,373111,7.7,7.6
WHAIR,2023-03-10,7.45,1121832,7.55,7.4
WHAIR,2023-03-13,7.4,1311921,7.45,7.3
WHAIR,2023-03-14,7.3,946321,7.35,7.25
WHAIR,2023-03-15,7.4,144210,7.45,7.3
WHAIR,2023-03-16,7.35,265538,7.4,7.3
WHAIR,2023-03-17,7.45,633700,7.45,7.3
WHAIR,2023-03-20,7.4,249300,7.45,7.35
WHAIR,2023-03-21,7.4,295600,7.45,7.35
WHAIR,2023-03-22,7.4,650436,7.45,7.35
WHAIR,2023-03-23,7.35,2050022,7.45,7.3
WHAIR,2023-03-24,7.6,826610,7.6,7.4
WHART,2023-02-23,11.4,1156522,11.4,11.2
WHART,2023-02-24,11.3,773400,11.4,11.2
WHART,2023-02-27,11.2,158677,11.3,11.2
WHART,2023-02-28,11.4,643073,11.4,11.2
WHART,2023-03-01,11.5,461201,11.5,11.3
WHART,2023-03-02,11.3,342261,11.5,11.3
WHART,2023-03-03,11.3,603831,11.3,11.2
WHART,2023-03-07,11.2,988857,11.4,11.2
WHART,2023-03-08,11.0,4760650,11.3,11.0
WHART,2023-03-09,11.1,919551,11.1,11.0
WHART,2023-03-10,10.8,1165814,11.1,10.8
WHART,2023-03-13,11.0,1183852,11.0,10.7
WHART,2023-03-14,10.7,903037,11.0,10.7
WHART,2023-03-15,10.9,708863,10.9,10.7
WHART,2023-03-16,10.7,964100,10.8,10.7
WHART,2023-03-17,11.0,577300,11.0,10.8
WHART,2023-03-20,11.0,682077,11.2,10.9
WHART,2023-03-21,11.1,185603,11.2,11.0
WHART,2023-03-22,11.1,601949,11.2,11.0
WHART,2023-03-23,11.2,480408,11.2,10.9
WHART,2023-03-24,11.4,1038527,11.4,11.2
