buy_id,date,year,month,price,qty,amt,net,profit,days,percent,yearly,dividend_id
1272,2023-07-21,2023,7,167.0,400,66800.0,66652.04,4514.72,14,7.26571,189.42744,0
1263,2023-07-13,2023,7,45.0,900,40500.0,40410.29,-4689.38,28,-10.39781,-135.54288,0
1267,2023-07-04,2023,7,17.9,1800,32220.0,32148.63,1480.86,13,4.82872,135.5756,0
1224,2023-06-30,2023,6,8.7,12000,104400.0,104168.76,-43758.16,175,-29.58093,-61.69737,0
1235,2023-06-30,2023,6,8.7,6000,52200.0,52084.39,-16467.11,150,-24.02152,-58.45237,0
1250,2023-06-30,2023,6,8.7,6000,52200.0,52084.39,-12859.14,92,-19.80049,-78.55629,0
1249,2023-06-30,2023,6,8.7,6000,52200.0,52084.39,-13460.47,92,-20.53627,-81.47542,0
1269,2023-06-29,2023,6,55.75,400,22300.0,22250.61,1003.66,3,4.72378,574.72657,0
1268,2023-06-29,2023,6,11.2,2000,22400.0,22350.38,1103.43,6,5.19336,315.9294,0
1266,2023-06-23,2023,6,10.7,3000,32100.0,32028.9,1361.13,3,4.43831,539.99438,0
1255,2023-06-16,2023,6,7.7,10000,77000.0,76829.45,160.0,28,0.20869,2.72042,0
1256,2023-06-16,2023,6,7.7,10000,77000.0,76829.45,160.0,17,0.20869,4.4807,0
1257,2023-06-14,2023,6,4.84,5000,24200.0,24146.4,1095.46,15,4.75234,115.64027,0
1254,2023-06-09,2023,6,11.2,3000,33600.0,33525.58,2857.81,23,9.31861,147.88229,0
1259,2023-06-09,2023,6,41.75,600,25050.0,24994.52,1242.03,3,5.22905,636.20108,0
1260,2023-06-08,2023,6,52.5,400,21000.0,20953.49,909.19,1,4.5359,1655.6035,0
1258,2023-06-08,2023,6,64.0,400,25600.0,25543.3,1089.25,7,4.45427,232.25836,0
1251,2023-05-31,2023,5,43.0,1200,51600.0,51485.71,3680.06,42,7.69796,66.89894,0
1226,2023-03-27,2023,3,9.4,10000,94000.0,93791.8,4594.67,68,5.15114,27.6495,0
1218,2023-03-27,2023,3,7.75,10000,77500.0,77328.34,2162.22,117,2.87659,8.97398,0
783,2023-03-07,2023,3,13.3,10000,133000.0,132705.42,-14620.17,879,-9.92371,-4.12077,0
1127,2023-02-13,2023,2,158.5,1200,190200.0,189778.73,-15875.76,355,-7.71963,-7.93708,0
961,2023-02-08,2023,2,24.1,2500,60250.0,60116.55,-34467.49,567,-36.44113,-23.45858,0
1169,2023-02-08,2023,2,2.86,60000,171600.0,171219.93,-6773.43,279,-3.80544,-4.97844,0
1138,2023-02-08,2023,2,54.5,1000,54500.0,54379.28,-3749.18,342,-6.44982,-6.88358,0
1149,2023-02-08,2023,2,54.5,1000,54500.0,54379.28,-10013.03,327,-15.55004,-17.35708,0
1156,2023-02-01,2023,2,56.0,1000,56000.0,55875.97,-7013.01,300,-11.15141,-13.56755,0
1190,2023-01-31,2023,1,53.75,1000,53750.0,53630.95,-7754.72,231,-12.63279,-19.9609,0
1233,2023-01-30,2023,1,7.8,10000,78000.0,77827.24,656.69,1,0.85096,310.6004,0
1006,2023-01-25,2023,1,21.9,2500,54750.0,54628.74,-33691.45,499,-38.14694,-27.90307,0
1014,2023-01-25,2023,1,21.4,2500,53500.0,53381.5,-29927.61,489,-35.92357,-26.81412,0
1130,2023-01-24,2023,1,42.5,7500,318750.0,318044.0,14372.89,334,4.73304,5.17233,0
1036,2023-01-19,2023,1,21.2,2500,53000.0,52882.61,-29173.73,449,-35.55329,-28.90189,0
1125,2023-01-17,2023,1,50.75,3000,152250.0,151912.78,-11197.69,328,-6.8651,-7.63952,0
1223,2023-01-09,2023,1,29.25,3600,105300.0,105066.77,5847.49,5,5.8935,430.2255,0
1221,2023-01-09,2023,1,42.0,3000,126000.0,125720.92,5455.13,20,4.5359,82.78018,0
1222,2023-01-03,2023,1,13.1,7500,98250.0,98032.38,4074.74,13,4.33678,121.76344,0
1219,2022-12-30,2022,12,16.5,3000,49500.0,49390.36,-1722.6,17,-3.37018,-72.35975,0
1191,2022-12-28,2022,12,7.75,12000,93000.0,92794.01,-15445.2,195,-14.26951,-26.7096,0
1073,2022-12-28,2022,12,20.3,2500,50750.0,50637.6,-23275.75,380,-31.49059,-30.24754,0
1081,2022-12-27,2022,12,19.7,2500,49250.0,49140.91,-24772.44,372,-33.51552,-32.88485,0
993,2022-12-23,2022,12,14.6,2400,35040.0,34962.39,-13745.25,490,-28.21991,-21.02095,0
1220,2022-12-20,2022,12,30.0,3600,108000.0,107760.79,6737.52,4,6.66928,608.5718,0
1215,2022-11-22,2022,11,220.0,500,110000.0,109756.36,4523.8,4,4.29886,392.27098,0
1216,2022-11-21,2022,11,14.2,2400,34080.0,34004.51,-14703.13,458,-30.1865,-24.05693,0
1214,2022-11-15,2022,11,13.7,2400,32880.0,32807.18,-15900.46,189,-32.64469,-63.04398,0
1200,2022-11-08,2022,11,6.15,15000,92250.0,92045.67,-8676.93,85,-8.61468,-36.99245,0
1103,2022-11-07,2022,11,340.0,300,102000.0,101774.08,-13681.07,293,-11.84968,-14.76155,0
1150,2022-11-02,2022,11,16.1,3000,48300.0,48193.02,-25469.78,226,-34.57618,-55.84206,0
1148,2022-11-01,2022,11,44.25,1000,44250.0,44151.99,-13475.37,232,-23.38363,-36.7889,0
1141,2022-11-01,2022,11,19.2,2500,48000.0,47893.68,-16623.91,242,-25.76648,-38.86267,0
1139,2022-10-31,2022,10,43.5,3000,130500.0,130210.95,-23879.59,242,-15.49712,-23.37376,0
1067,2022-10-26,2022,10,18.4,3000,55200.0,55077.74,-6558.48,323,-10.64063,-12.02424,0
1209,2022-10-19,2022,10,29.25,3000,87750.0,87555.65,4121.26,7,4.93952,257.56069,0
1208,2022-10-06,2022,10,34.75,4500,156375.0,156028.64,-10840.15,9,-6.49621,-263.45741,0
1206,2022-09-12,2022,9,14.5,7500,108750.0,108509.13,3276.57,4,3.11365,284.12056,0
1204,2022-09-09,2022,9,8.25,10000,82500.0,82317.27,3643.39,1,4.631,1690.315,0
1144,2022-09-05,2022,9,1.71,60000,102600.0,102372.75,146.83,182,0.14363,0.28805,0
1180,2022-09-01,2022,9,19.0,3000,57000.0,56873.75,1250.82,99,2.24875,8.29085,0
1189,2022-08-23,2022,8,59.0,3000,177000.0,176607.96,3725.88,74,2.15516,10.63018,0
1199,2022-08-15,2022,8,155.5,600,93300.0,93093.35,-112.64,11,-0.12085,-4.01002,0
1195,2022-07-25,2022,7,18.6,4500,83700.0,83514.61,531.21,28,0.64014,8.34468,0
1186,2022-07-25,2022,7,28.75,3600,103500.0,103270.75,443.5,49,0.43131,3.21282,0
856,2022-07-22,2022,7,88.5,1000,88500.0,88303.98,-9411.98,470,-9.63198,-7.48015,0
845,2022-07-04,2022,7,88.5,1000,88500.0,88303.98,-9411.98,469,-9.63198,-7.4961,0
1196,2022-06-29,2022,6,11.7,5000,58500.0,58370.42,1244.17,1,2.17793,794.94445,0
1185,2022-06-27,2022,6,1.25,100000,125000.0,124723.14,-1555.94,26,-1.23214,-17.29735,0
1182,2022-06-23,2022,6,24.8,4500,111600.0,111352.82,-5906.32,28,-5.03698,-65.66063,0
1193,2022-06-23,2022,6,18.6,4500,83700.0,83514.61,531.21,1,0.64014,233.6511,0
781,2022-06-13,2022,6,13.5,10000,135000.0,134700.99,-12624.6,681,-8.56918,-4.59288,0
1171,2022-06-13,2022,6,22.2,1500,33300.0,33226.24,453.81,38,1.38473,13.3007,0
1187,2022-06-08,2022,6,60.5,3000,181500.0,181097.99,8215.91,2,4.75232,867.2984,0
1179,2022-05-31,2022,5,49.0,6000,294000.0,293348.82,1704.28,7,0.58437,30.47072,0
1045,2022-05-30,2022,5,20.3,7500,152250.0,151912.78,77.22,201,0.05086,0.09236,0
1181,2022-05-27,2022,5,31.0,2800,86800.0,86607.74,5929.44,2,7.34949,1341.28193,0
1183,2022-05-26,2022,5,30.75,800,24600.0,24545.52,1494.58,1,6.48381,2366.59065,0
1044,2022-05-23,2022,5,34.0,4500,153000.0,152661.12,3832.2,195,2.5749,4.81968,0
1140,2022-05-23,2022,5,8.4,100,840.0,838.14,-58.84,81,-6.55979,-29.55955,0
1059,2022-05-17,2022,5,37.0,3000,111000.0,110754.15,-5001.68,169,-4.32089,-9.3321,0
1086,2022-05-17,2022,5,38.5,2000,77000.0,76829.45,-14873.22,140,-16.21896,-42.28515,0
1176,2022-05-13,2022,5,39.0,2000,78000.0,77827.24,-13875.43,136,-15.13089,-40.60864,0
1002,2022-05-12,2022,5,39.75,2000,79500.0,79323.91,-12378.76,248,-13.4988,-19.86719,0
1126,2022-05-11,2022,5,21.2,6000,127200.0,126918.27,-5374.1,77,-4.06229,-19.25631,0
1174,2022-05-10,2022,5,19.4,2400,46560.0,46456.87,-2250.77,263,-4.62098,-6.41315,0
1170,2022-05-06,2022,5,37.5,3000,112500.0,112250.82,-3505.01,158,-3.02793,-6.9949,0
1166,2022-05-03,2022,5,22.1,3000,66300.0,66153.15,6.97,69,0.01054,0.05576,0
1137,2022-04-29,2022,4,11.0,10000,110000.0,109756.36,-2491.71,58,-2.21982,-13.96956,0
1162,2022-04-28,2022,4,12.5,15000,187500.0,187084.7,5182.69,7,2.84917,148.56386,0
1124,2022-04-22,2022,4,101.5,2000,203000.0,202550.38,6116.26,63,3.11364,18.03934,0
1153,2022-04-20,2022,4,22.4,2400,53760.0,53640.93,2407.7,27,4.69949,63.53014,0
1112,2022-04-18,2022,4,12.1,20000,242000.0,241463.99,-7085.31,74,-2.85067,-14.06074,0
1147,2022-04-18,2022,4,12.7,10000,127000.0,126718.71,-3569.23,39,-2.73949,-25.63882,0
1021,2022-04-01,2022,4,38.75,3000,116250.0,115992.52,236.69,185,0.20447,0.40341,0
1097,2022-03-31,2022,3,40.75,4500,183375.0,182968.84,315.17,79,0.17255,0.79722,0
1120,2022-03-28,2022,3,52.75,1500,79125.0,78949.74,15434.37,42,24.30021,211.1804,0
1152,2022-03-23,2022,3,50.75,1500,76125.0,75956.39,12441.02,37,19.58742,193.22725,0
1089,2022-03-10,2022,3,22.5,4800,108000.0,107760.79,10345.51,64,10.62001,60.56724,0
1146,2022-03-10,2022,3,48.5,1500,72750.0,72588.87,9073.5,24,14.28552,217.25895,0
1122,2022-03-09,2022,3,43.25,6000,259500.0,258925.23,353.79,22,0.13682,2.26997,0
1129,2022-03-03,2022,3,17.1,9000,153900.0,153559.13,220.25,7,0.14364,7.4898,0
1041,2022-03-01,2022,3,3.5,40000,140000.0,139689.91,-12646.75,116,-8.30184,-26.12217,0
1099,2022-02-28,2022,2,14.1,10000,141000.0,140687.7,377.61,45,0.26913,2.18294,299
968,2022-02-28,2022,2,45.5,3600,163800.0,163437.2,11902.31,213,7.8545,13.45959,0
1105,2022-02-25,2022,2,2.5,40000,100000.0,99778.51,-4451.84,35,-4.27116,-44.5421,0
876,2022-02-25,2022,2,6.0,63000,378000.0,377162.77,-64814.0,296,-14.66457,-18.083,0
1010,2022-02-25,2022,2,33.0,9000,297000.0,296342.17,-64455.19,161,-17.86465,-40.5006,0
1107,2022-02-24,2022,2,21.0,10000,210000.0,209534.87,15105.18,29,7.76897,97.78186,0
992,2022-02-23,2022,2,20.5,18000,369000.0,368182.7,-7046.56,188,-1.87793,-3.64598,0
959,2022-02-22,2022,2,46.0,1200,55200.0,55077.74,4566.11,217,9.03972,15.20506,0
1061,2022-02-22,2022,2,5.1,20000,102000.0,101774.08,1552.59,84,1.54916,6.73147,0
1051,2022-02-21,2022,2,21.0,5000,105000.0,104767.44,7552.59,88,7.76897,32.22357,0
933,2022-02-21,2022,2,46.0,3000,138000.0,137694.34,140.34,238,0.10203,0.15647,0
637,2022-02-18,2022,2,14.3,10000,143000.0,142683.27,-4642.32,940,-3.15106,-1.22355,0
1060,2022-02-17,2022,2,1.43,10300,14729.0,14696.38,-787.84,79,-5.08802,-23.50794,0
1123,2022-02-15,2022,2,1.43,64700,92521.0,92316.07,-4948.88,77,-5.08804,-24.11863,0
1106,2022-02-14,2022,2,53.75,2000,107500.0,107261.89,6038.19,20,5.96519,108.86472,0
1013,2022-02-14,2022,2,10.3,24000,247200.0,246652.48,-15526.94,144,-5.92226,-15.01128,0
1096,2022-02-11,2022,2,18.4,3000,55200.0,55077.74,2160.79,31,4.08336,48.07827,0
1117,2022-02-10,2022,2,21.1,3000,63300.0,63159.8,10242.85,30,19.35646,235.5036,0
1069,2022-02-09,2022,2,20.7,3000,62100.0,61962.45,9045.5,63,17.09377,99.03533,0
1115,2022-02-09,2022,2,54.0,2000,108000.0,107760.79,6537.09,15,6.45806,157.14613,0
1114,2022-02-09,2022,2,50.5,1200,60600.0,60465.78,9954.15,204,19.70665,35.25945,0
841,2022-02-03,2022,2,14.7,5000,73500.0,73337.2,-10347.75,324,-12.36513,-13.92985,0
1111,2022-02-02,2022,2,5.5,10000,55000.0,54878.18,4767.43,64,9.51379,54.25833,0
1083,2022-02-01,2022,2,22.0,3000,66000.0,65853.82,5119.6,42,8.42951,73.25646,0
1053,2022-01-31,2022,1,53.25,2000,106500.0,106264.11,5040.41,66,4.97948,27.53803,0
1109,2022-01-31,2022,1,7.3,9000,65700.0,65554.48,-1644.03,152,-2.44653,-5.87489,0
1108,2022-01-28,2022,1,17.7,6000,106200.0,105964.78,130.89,2,0.12367,22.56978,0
653,2022-01-27,2022,1,14.6,5000,73000.0,72838.31,-10846.64,808,-12.96128,-5.85503,0
941,2022-01-26,2022,1,48.25,3000,144750.0,144429.4,18150.32,203,14.37318,25.8434,0
922,2022-01-24,2022,1,46.25,3000,138750.0,138442.69,12163.61,217,9.63232,16.20183,0
1074,2022-01-21,2022,1,140.0,800,112000.0,111751.93,2005.39,38,1.82729,17.5516,0
1042,2022-01-19,2022,1,49.5,1500,74250.0,74085.54,7187.7,72,10.74429,54.46758,0
1064,2022-01-19,2022,1,42.75,1500,64125.0,63982.97,3098.42,54,5.08901,34.39794,0
1026,2022-01-18,2022,1,23.2,5000,116000.0,115743.07,10009.39,109,9.46661,31.70012,0
1062,2022-01-17,2022,1,144.5,800,115600.0,115343.96,5597.42,48,5.10032,38.78368,0
1098,2022-01-13,2022,1,33.0,1500,49500.0,49390.36,2035.7,6,4.29884,261.51277,0
1057,2022-01-13,2022,1,144.5,800,115600.0,115343.96,5597.42,45,5.10032,41.36926,0
967,2022-01-13,2022,1,24.4,2500,61000.0,60864.89,7998.06,168,15.12869,32.86888,0
1095,2022-01-11,2022,1,20.1,1000,20100.0,20055.48,9031.12,34,81.91968,879.43186,0
912,2022-01-11,2022,1,46.25,3000,138750.0,138442.69,12163.61,216,9.63232,16.27684,0
1093,2022-01-10,2022,1,16.8,1500,25200.0,25144.19,8607.64,33,52.05221,575.72899,0
1091,2022-01-07,2022,1,16.8,1500,25200.0,25144.19,8607.64,30,52.05221,633.30189,0
1090,2022-01-06,2022,1,12.3,2000,24600.0,24545.52,2095.9,105,9.33602,32.45378,0
1007,2022-01-06,2022,1,3.0,40000,120000.0,119734.21,3477.28,114,2.99103,9.57654,0
850,2022-01-05,2022,1,44.5,3000,133500.0,133204.31,6925.23,285,5.48407,7.02346,0
986,2021-12-30,2021,12,38.5,4500,173250.0,172866.27,3742.51,139,2.21288,5.8108,0
855,2021-12-30,2021,12,58.75,1000,58750.0,58619.88,-8277.96,269,-12.37403,-16.79004,0
1087,2021-12-30,2021,12,12.6,3000,37800.0,37716.27,4643.18,22,14.03915,232.92226,0
1078,2021-12-28,2021,12,91.25,1000,91250.0,91047.89,3855.19,13,4.42146,124.14099,0
1085,2021-12-27,2021,12,58.75,600,35250.0,35171.92,-4966.78,285,-12.37404,-15.84745,0
284,2021-12-27,2021,12,14.7,10000,147000.0,146674.41,-20695.48,1949,-12.36512,-2.31568,0
903,2021-12-23,2021,12,8.7,6000,52200.0,52084.39,-10754.49,209,-17.11439,-29.88877,0
1050,2021-12-21,2021,12,48.5,1500,72750.0,72588.87,7946.0,34,12.29215,131.95985,0
826,2021-12-17,2021,12,4.08,75000,306000.0,305322.24,4657.77,289,1.54916,1.95655,0
960,2021-12-16,2021,12,22.4,7500,168000.0,167627.9,9027.39,149,5.6919,13.94324,0
843,2021-12-15,2021,12,43.0,3000,129000.0,128714.28,2435.2,272,1.92843,2.58778,0
884,2021-12-13,2021,12,8.75,6000,52500.0,52383.71,-10455.17,217,-16.63806,-27.98568,0
1072,2021-12-13,2021,12,46.5,900,41850.0,41757.31,2971.59,35,7.66156,79.89913,0
628,2021-12-08,2021,12,59.0,2000,118000.0,117738.64,-16057.05,887,-12.00117,-4.93847,0
1071,2021-12-08,2021,12,45.0,1500,67500.0,67350.49,10975.9,12,19.46959,592.20003,0
1070,2021-12-08,2021,12,93.0,1000,93000.0,92794.01,12616.82,62,15.73617,92.64036,0
1056,2021-12-07,2021,12,47.25,1000,47250.0,47145.34,8058.96,118,20.61833,63.77704,0
1020,2021-12-07,2021,12,33.0,1500,49500.0,49390.36,12558.97,70,34.09855,177.79958,0
1068,2021-12-07,2021,12,47.0,1000,47000.0,46895.9,7809.52,118,19.98016,61.80304,0
1065,2021-12-03,2021,12,32.0,1500,48000.0,47893.68,11062.29,66,30.03495,166.10238,0
1054,2021-12-03,2021,12,43.5,1500,65250.0,65105.48,8730.89,7,15.48728,807.55103,0
1038,2021-12-02,2021,12,11.5,10000,115000.0,114745.29,-2513.85,29,-2.14384,-26.98281,0
1052,2021-12-02,2021,12,43.5,1500,65250.0,65105.48,8730.89,65,15.48728,86.96703,0
970,2021-12-01,2021,12,12.1,10000,121000.0,120732.0,11991.68,124,11.02781,32.46089,0
882,2021-12-01,2021,12,12.0,10000,120000.0,119734.21,10993.89,208,10.11022,17.74149,0
1046,2021-12-01,2021,12,11.9,9000,107100.0,106862.78,-474.44,21,-0.44201,-7.68255,0
1035,2021-12-01,2021,12,11.9,8000,95200.0,94989.15,-2827.02,36,-2.89014,-29.30281,0
984,2021-11-29,2021,11,48.0,1000,48000.0,47893.68,8807.3,110,22.53291,74.76829,0
1030,2021-11-29,2021,11,91.0,1000,91000.0,90798.44,10621.25,53,13.24722,91.23085,0
1019,2021-11-25,2021,11,43.5,1000,43500.0,43403.65,11332.77,58,35.33664,222.37713,0
1017,2021-11-24,2021,11,42.5,1500,63750.0,63608.8,15502.48,58,32.22545,202.79809,0
913,2021-11-23,2021,11,27.0,3000,81000.0,80820.59,7157.79,167,9.71697,21.23769,0
929,2021-11-19,2021,11,11.8,7000,82600.0,82417.05,3843.4,149,4.89146,11.98244,0
896,2021-11-18,2021,11,40.0,1500,60000.0,59867.11,11760.79,188,24.44749,47.46454,0
1049,2021-11-17,2021,11,49.0,1000,49000.0,48891.47,9805.09,98,25.08569,93.4314,0
1043,2021-11-17,2021,11,59.0,2000,118000.0,117738.64,1481.71,49,1.27451,9.4938,0
602,2021-11-16,2021,11,8.75,6000,52500.0,52383.71,-10455.17,1007,-16.63806,-6.03068,0
958,2021-11-16,2021,11,120.0,1000,120000.0,119734.21,6483.93,120,5.72531,17.41448,0
938,2021-11-15,2021,11,45.0,2000,90000.0,89800.66,11627.9,136,14.87462,39.92086,0
1037,2021-11-11,2021,11,9.1,10000,91000.0,90798.44,-2908.66,9,-3.10399,-125.88404,0
1022,2021-11-08,2021,11,59.0,2000,118000.0,117738.64,1481.71,40,1.27451,11.6299,0
989,2021-11-03,2021,11,14.3,7500,107250.0,107012.45,9296.49,79,9.51379,43.95612,0
983,2021-11-02,2021,11,92.0,2000,184000.0,183592.46,23238.08,83,14.4917,63.72856,0
1016,2021-11-01,2021,11,20.6,6000,123600.0,123326.24,53.81,35,0.04365,0.45521,0
1015,2021-10-29,2021,10,58.5,2000,117000.0,116740.86,483.93,32,0.41626,4.74797,0
586,2021-10-21,2021,10,8.4,6000,50400.0,50288.37,-12550.51,1070,-19.97252,-6.81306,0
935,2021-10-20,2021,10,277.0,1000,277000.0,276386.47,-224.84,111,-0.08128,-0.26727,0
1034,2021-10-15,2021,10,8.8,12000,105600.0,105366.11,734.87,3,0.70234,85.45137,0
1033,2021-10-11,2021,10,10.1,10000,101000.0,100776.3,554.81,1243,0.55358,0.16256,0
1029,2021-10-06,2021,10,10.1,10000,101000.0,100776.3,554.81,1238,0.55358,0.16321,0
516,2021-09-28,2021,9,10.1,10000,101000.0,100776.3,554.81,1154,0.55358,0.17509,0
632,2021-09-28,2021,9,45.0,3000,135000.0,134700.99,8421.91,811,6.66928,3.00159,0
1008,2021-09-21,2021,9,12.8,10000,128000.0,127716.49,-5578.09,7,-4.18478,-218.20639,0
899,2021-09-21,2021,9,54.0,1800,97200.0,96984.72,-4038.55,123,-3.99764,-11.86292,0
990,2021-09-21,2021,9,54.0,1800,97200.0,96984.72,-4038.55,36,-3.99764,-40.53163,0
765,2021-09-21,2021,9,4.22,5000,21100.0,21053.26,6.75,375,0.03207,0.03121,0
768,2021-09-21,2021,9,4.22,5000,21100.0,21053.26,6.75,370,0.03207,0.03164,0
771,2021-09-21,2021,9,4.22,5000,21100.0,21053.26,6.75,364,0.03207,0.03216,0
772,2021-09-21,2021,9,4.22,10000,42200.0,42106.54,13.51,363,0.0321,0.03228,0
775,2021-09-21,2021,9,4.22,10000,42200.0,42106.54,614.84,358,1.48184,1.51081,0
779,2021-09-21,2021,9,4.22,10000,42200.0,42106.54,13.51,350,0.0321,0.03348,0
778,2021-09-21,2021,9,4.22,10000,42200.0,42106.54,13.51,350,0.0321,0.03348,0
784,2021-09-21,2021,9,4.22,5000,21100.0,21053.26,6.75,326,0.03207,0.03591,0
928,2021-09-21,2021,9,33.0,3000,99000.0,98780.72,-438.56,91,-0.44201,-1.7729,0
780,2021-09-21,2021,9,6.55,6000,39300.0,39212.96,-9194.02,347,-18.99317,-19.97841,0
918,2021-09-21,2021,9,6.55,6000,39300.0,39212.96,-9194.02,96,-18.99317,-72.21362,0
942,2021-09-21,2021,9,6.55,6000,39300.0,39212.96,-9194.02,76,-18.99317,-91.2172,0
947,2021-09-21,2021,9,6.55,6000,39300.0,39212.96,-9194.02,74,-18.99317,-93.68253,0
604,2021-09-21,2021,9,10.3,5000,51500.0,51385.93,4281.83,946,9.09014,3.5073,0
712,2021-09-21,2021,9,10.3,5000,51500.0,51385.93,4281.83,502,9.09014,6.60936,0
1004,2021-09-21,2021,9,53.5,3000,160500.0,160144.5,-5220.96,14,-3.15723,-82.3135,0
915,2021-09-21,2021,9,48.25,2500,120625.0,120357.83,18883.57,99,18.60922,68.60975,0
954,2021-09-21,2021,9,3.78,25000,94500.0,94290.69,-8436.34,68,-8.21239,-44.08121,0
979,2021-09-21,2021,9,3.78,25000,94500.0,94290.69,-5429.7,46,-5.44492,-43.20426,0
1003,2021-09-21,2021,9,25.5,6000,153000.0,152661.12,-9697.69,15,-5.973,-145.343,0
689,2021-09-21,2021,9,189.5,600,113700.0,113448.16,-804.34,530,-0.704,-0.48483,0
944,2021-09-16,2021,9,39.5,2400,94800.0,94590.02,4390.68,70,4.86775,25.38184,0
1009,2021-09-16,2021,9,6.8,6000,40800.0,40709.63,-7697.35,342,-15.90132,-16.97071,0
584,2021-09-15,2021,9,10.8,5000,54000.0,53880.4,6776.3,1035,14.3858,5.07325,0
800,2021-09-15,2021,9,32.0,6000,192000.0,191574.74,-6863.81,233,-3.45891,-5.41846,0
764,2021-09-14,2021,9,9.15,20000,183000.0,182594.67,21638.96,378,13.44405,12.98169,0
585,2021-09-13,2021,9,10.5,5000,52500.0,52383.71,5279.61,1033,11.20839,3.96037,0
756,2021-09-13,2021,9,9.15,10000,91500.0,91297.33,10819.47,395,13.44403,12.42296,0
991,2021-09-02,2021,9,11.6,10000,116000.0,115743.07,488.36,15,0.42372,10.31052,255
978,2021-09-02,2021,9,69.0,1500,103500.0,103270.75,10064.76,27,10.7984,145.97837,0
999,2021-08-31,2021,8,7.05,5000,35250.0,35171.92,-5167.23,326,-12.80947,-14.34189,0
998,2021-08-31,2021,8,7.0,5000,35000.0,34922.48,-5416.67,326,-13.42782,-15.03422,0
997,2021-08-30,2021,8,13.7,4800,65760.0,65614.35,1632.95,3,2.55223,310.52132,0
994,2021-08-30,2021,8,13.6,5200,70720.0,70563.36,1250.18,3,1.80367,219.44652,0
996,2021-08-30,2021,8,6.95,5500,38225.0,38140.33,-6232.74,325,-14.04622,-15.77499,0
995,2021-08-30,2021,8,6.9,5500,37950.0,37865.94,-6507.13,325,-14.66459,-16.46946,0
985,2021-08-30,2021,8,37.0,3000,111000.0,110754.15,13038.19,19,13.34295,256.32509,0
579,2021-08-27,2021,8,9.6,5000,48000.0,47893.68,789.58,1018,1.67624,0.60101,0
883,2021-08-24,2021,8,10.6,10000,106000.0,105765.22,532.66,106,0.50617,1.74294,266
553,2021-08-19,2021,8,8.05,6000,48300.0,48193.02,-14645.86,1092,-23.307,-7.79034,0
974,2021-08-19,2021,8,35.75,3000,107250.0,107012.45,9296.49,17,9.51379,204.26667,0
926,2021-08-13,2021,8,28.0,9000,252000.0,251441.85,-34941.06,52,-12.20082,-85.64037,0
820,2021-08-13,2021,8,162.5,600,97500.0,97284.04,-4941.88,171,-4.83427,-10.31876,204
838,2021-08-13,2021,8,11.4,20000,228000.0,227495.0,29056.45,154,14.64254,34.70472,0
976,2021-08-11,2021,8,13.6,10000,136000.0,135698.77,4408.62,6,3.35792,204.27347,0
802,2021-08-11,2021,8,3.06,10000,30600.0,30532.23,7080.4,195,30.19125,56.51183,0
761,2021-08-11,2021,8,11.2,24000,268800.0,268204.63,-6001.36,351,-2.18863,-2.27593,0
894,2021-08-11,2021,8,11.4,15000,171000.0,170621.25,-5267.47,90,-2.99477,-12.14546,0
875,2021-08-11,2021,8,58.75,3000,176250.0,175859.62,-8297.37,98,-4.5056,-16.78106,0
940,2021-08-10,2021,8,9.05,10000,90500.0,90299.55,100.21,36,0.1111,1.12643,0
868,2021-08-10,2021,8,106.0,1000,106000.0,105765.22,-7485.06,104,-6.60931,-23.19614,0
981,2021-08-10,2021,8,3.1,10000,31000.0,30931.34,7479.51,194,31.89308,60.00502,0
980,2021-08-09,2021,8,3.1,10000,31000.0,30931.34,7479.51,193,31.89308,60.31593,0
898,2021-08-06,2021,8,22.0,2500,55000.0,54878.18,23809.52,79,76.63517,354.07389,0
977,2021-08-05,2021,8,3.36,10000,33600.0,33525.58,10073.75,189,42.95507,82.95556,0
873,2021-08-05,2021,8,20.7,2500,51750.0,51635.38,20566.72,97,66.19764,249.09421,0
971,2021-08-04,2021,8,11.3,10000,113000.0,112749.72,2506.08,5,2.27322,165.94506,239
578,2021-08-04,2021,8,9.05,5000,45250.0,45149.77,-1954.33,996,-4.14896,-1.52045,0
975,2021-08-03,2021,8,42.5,1000,42500.0,42405.86,8330.55,32,24.44747,278.85395,0
870,2021-08-03,2021,8,19.5,2500,48750.0,48642.03,17573.37,96,56.56301,215.05728,0
973,2021-08-02,2021,8,19.2,2500,48000.0,47893.68,16825.02,95,54.15431,208.06656,0
965,2021-08-02,2021,8,37.0,2000,74000.0,73836.1,10696.56,6,16.94114,1030.58602,0
461,2021-08-02,2021,8,18.0,3000,54000.0,53880.4,-16475.08,1284,-23.41691,-6.65668,0
957,2021-07-30,2021,7,36.5,2000,73000.0,72838.31,9698.77,11,15.36085,509.70093,0
969,2021-07-30,2021,7,36.5,2000,73000.0,72838.31,9698.77,11,15.36085,509.70093,0
735,2021-07-27,2021,7,172.0,300,51600.0,51485.71,-26687.05,407,-34.13855,-30.61565,0
963,2021-07-22,2021,7,171.5,300,51450.0,51336.04,-26836.72,402,-34.33001,-31.17028,0
962,2021-07-22,2021,7,18.7,3000,56100.0,55975.74,-14379.74,1273,-20.43869,-5.86027,0
577,2021-07-16,2021,7,8.95,5000,44750.0,44650.89,-2453.21,982,-5.20806,-1.93579,0
956,2021-07-16,2021,7,172.0,300,51600.0,51485.71,-26687.05,396,-34.13855,-31.46609,0
955,2021-07-16,2021,7,18.8,3000,56400.0,56275.08,-14080.4,1267,-20.01322,-5.76545,0
763,2021-07-15,2021,7,26.25,2000,52500.0,52383.71,-11758.04,317,-18.33134,-21.10706,0
858,2021-07-15,2021,7,21.0,2000,42000.0,41906.97,17052.04,94,68.60627,266.39669,0
851,2021-07-15,2021,7,21.0,3000,63000.0,62860.46,25578.07,111,68.6063,225.59729,0
796,2021-07-15,2021,7,20.0,5000,100000.0,99778.51,37641.19,184,60.57743,120.16718,0
930,2021-07-15,2021,7,12.3,10000,123000.0,122727.57,2461.78,21,2.04695,35.57794,9999
952,2021-07-14,2021,7,8.05,6000,48300.0,48193.02,-14645.86,1056,-23.307,-8.05592,0
953,2021-07-14,2021,7,26.25,2000,52500.0,52383.71,-11758.04,316,-18.33134,-21.17386,0
951,2021-07-13,2021,7,8.05,6000,48300.0,48193.02,-14645.86,1055,-23.307,-8.06356,0
950,2021-07-13,2021,7,25.75,2000,51500.0,51385.93,-12755.82,315,-19.88692,-23.04357,0
949,2021-07-12,2021,7,25.25,2000,50500.0,50388.14,-13753.61,314,-21.44252,-24.92522,0
892,2021-07-12,2021,7,33.5,2500,83750.0,83564.5,-6384.28,61,-7.09768,-42.46972,0
840,2021-07-12,2021,7,9.9,3000,29700.0,29634.22,8587.71,119,40.80349,125.15356,0
948,2021-07-09,2021,7,26.0,2000,52000.0,51884.83,-12256.92,311,-19.10911,-22.42709,0
861,2021-07-09,2021,7,33.25,2500,83125.0,82940.89,-7007.89,79,-7.79098,-35.9963,0
946,2021-07-09,2021,7,17.0,5000,85000.0,84811.73,22674.41,71,36.49081,187.5936,0
738,2021-07-09,2021,7,4.6,5000,23000.0,22949.06,9419.15,389,69.61724,65.32209,0
943,2021-07-08,2021,7,13.3,10000,133000.0,132705.42,2417.48,1,1.85549,677.25385,0
939,2021-07-05,2021,7,8.05,6000,48300.0,48193.02,-14645.86,1052,-23.307,-8.08655,0
937,2021-07-02,2021,7,8.05,6000,48300.0,48193.02,-14645.86,1044,-23.307,-8.14852,0
574,2021-07-01,2021,7,9.05,5000,45250.0,45149.77,-1954.33,981,-4.14896,-1.5437,0
573,2021-06-30,2021,6,8.9,5000,44500.0,44401.43,-2702.67,982,-5.73765,-2.13263,0
927,2021-06-30,2021,6,434.0,200,86800.0,86607.74,4025.23,8,4.87419,222.38492,0
871,2021-06-30,2021,6,434.0,200,86800.0,86607.74,-5596.03,62,-6.0692,-35.72997,0
789,2021-06-28,2021,6,19.4,5000,97000.0,96785.15,28634.54,189,42.01656,81.14309,0
450,2021-06-25,2021,6,9.0,5000,45000.0,44900.33,-2203.77,1263,-4.67851,-1.35206,0
932,2021-06-25,2021,6,40.75,1000,40750.0,40659.75,8588.87,42,26.7809,232.73877,0
886,2021-06-25,2021,6,8.85,5000,44250.0,44151.99,-196.02,45,-0.442,-3.58511,0
931,2021-06-24,2021,6,19.2,5000,96000.0,95787.37,27636.76,185,40.55248,80.00895,0
925,2021-06-22,2021,6,18.9,4000,75600.0,75432.56,20912.07,213,38.35635,65.72802,0
923,2021-06-21,2021,6,5.1,5000,25500.0,25443.51,11913.6,371,88.0538,86.62975,0
919,2021-06-18,2021,6,4.46,5000,22300.0,22250.61,8720.7,368,64.45497,63.92952,0
916,2021-06-14,2021,6,4.3,5000,21500.0,21452.37,7922.46,364,58.55516,58.71603,0
914,2021-06-11,2021,6,13.3,10000,133000.0,132705.42,2417.48,1,1.85549,677.25385,0
617,2021-06-09,2021,6,12.6,10000,126000.0,125720.92,-21604.67,756,-14.66457,-7.08012,0
911,2021-06-08,2021,6,12.5,10000,125000.0,124723.14,-22602.45,755,-15.34184,-7.41692,0
891,2021-06-08,2021,6,11.0,10000,110000.0,109756.36,514.94,27,0.47138,6.37236,240
879,2021-06-07,2021,6,11.0,10000,110000.0,109756.36,514.94,32,0.47138,5.37668,239
740,2021-06-04,2021,6,14.9,10000,149000.0,148669.98,-18699.91,1743,-11.1728,-2.33969,0
910,2021-06-04,2021,6,12.4,10000,124000.0,123725.35,-23600.24,751,-16.0191,-7.78558,0
909,2021-06-04,2021,6,12.3,10000,123000.0,122727.57,-24598.02,751,-16.69637,-8.11475,0
645,2021-06-04,2021,6,7.75,5000,38750.0,38664.18,6843.86,646,21.50783,12.15226,0
907,2021-06-02,2021,6,13.3,10000,133000.0,132705.42,2417.48,1,1.85549,677.25385,0
908,2021-06-01,2021,6,7.45,5000,37250.0,37167.49,5347.17,643,16.80426,9.53897,0
906,2021-05-31,2021,5,19.3,3000,57900.0,57771.76,-12583.72,1221,-17.88591,-5.34673,0
905,2021-05-31,2021,5,3.46,10000,34600.0,34523.37,7463.57,350,27.58176,28.76384,0
902,2021-05-28,2021,5,13.4,9000,120600.0,120332.89,367.77,1,0.30656,111.8944,245
904,2021-05-28,2021,5,7.3,5000,36500.0,36419.15,4598.83,639,14.45249,8.25533,0
716,2021-05-27,2021,5,23.1,5300,122430.0,122158.83,6894.1,372,5.9811,5.86855,0
724,2021-05-24,2021,5,23.1,500,11550.0,11524.42,650.39,360,5.98113,6.0642,0
897,2021-05-24,2021,5,300.0,300,90000.0,89800.66,7117.93,6,8.60873,523.69774,0
720,2021-05-14,2021,5,23.0,1000,23000.0,22949.06,1000.56,354,4.55867,4.70032,201
721,2021-05-14,2021,5,23.0,1000,23000.0,22949.06,1000.56,353,4.55867,4.71364,201
822,2021-05-13,2021,5,12.1,10000,121000.0,120732.0,-1538.22,77,-1.25805,-5.96348,199
859,2021-05-12,2021,5,6.6,20000,132000.0,131707.63,-22633.46,30,-14.66457,-178.41894,216
722,2021-05-12,2021,5,23.3,1000,23300.0,23248.39,1600.55,349,7.39358,7.73254,201
893,2021-05-12,2021,5,10.2,3000,30600.0,30532.23,9485.72,58,45.07028,283.63193,214
837,2021-05-12,2021,5,3.9,25000,97500.0,97284.04,-431.92,61,-0.44202,-2.64487,224
890,2021-05-11,2021,5,10.2,3000,30600.0,30532.23,9485.72,57,45.07028,288.60793,214
887,2021-05-11,2021,5,17.8,7000,124600.0,124324.03,28913.18,141,30.30387,78.44619,207
885,2021-05-10,2021,5,10.1,3000,30300.0,30232.89,9186.38,59,43.648,270.02576,214
647,2021-05-10,2021,5,7.6,5000,38000.0,37915.83,6095.51,615,19.15603,11.36903,232
881,2021-05-07,2021,5,9.5,3000,28500.0,28436.87,7390.36,1,35.11442,12816.7633,214
723,2021-05-06,2021,5,23.3,200,4660.0,4649.67,300.06,343,6.89855,7.34102,201
747,2021-05-06,2021,5,23.3,1000,23300.0,23248.39,1500.33,314,6.89868,8.01917,201
794,2021-05-06,2021,5,9.45,5000,47250.0,47145.34,41.24,129,0.08755,0.24772,227
878,2021-04-30,2021,4,7.4,5000,37000.0,36918.05,5097.73,589,16.02036,9.92773,232
877,2021-05-06,2021,5,7.75,5000,38750.0,38664.18,6843.86,595,21.50783,13.19388,232
862,2021-05-06,2021,5,49.5,1000,49500.0,49390.36,5292.9,14,12.00273,312.92832,223
835,2021-05-06,2021,5,30.25,3000,90750.0,90549.0,349.66,57,0.38765,2.48232,226
869,2021-05-05,2021,5,7.7,5000,38500.0,38414.72,6594.4,537,20.72386,14.08605,232
806,2021-05-05,2021,5,32.5,9000,292500.0,291852.14,-5805.69,90,-1.95046,-7.9102,206
874,2021-04-30,2021,4,4.22,10000,42200.0,42106.54,15046.74,319,55.60551,63.62386,231
872,2021-04-29,2021,4,4.16,10000,41600.0,41507.86,14448.06,318,53.39308,61.28451,231
661,2021-04-29,2021,4,7.15,5000,35750.0,35670.82,3850.5,507,12.10076,8.71159,232
656,2021-04-28,2021,4,7.2,10000,72000.0,71840.53,8199.88,530,12.88466,8.8734,232
660,2021-04-27,2021,4,7.45,15000,111750.0,111502.49,16041.52,515,16.80427,11.90982,232
867,2021-04-26,2021,4,6.65,5000,33250.0,33176.35,1356.03,504,4.26152,3.08622,232
866,2021-04-26,2021,4,6.65,5000,33250.0,33176.35,1356.03,504,4.26152,3.08622,232
816,2021-04-22,2021,4,51.0,3000,153000.0,152661.12,-3684.4,63,-2.35658,-13.6532,209
860,2021-04-16,2021,4,49.75,3000,149250.0,148919.42,-7426.1,57,-4.7498,-30.41539,209
438,2021-04-05,2021,4,8.8,5000,44000.0,43902.54,-3201.56,1200,-6.79678,-2.06735,227
853,2021-04-02,2021,4,4.0,10000,40000.0,39911.4,12851.6,291,47.49333,59.57067,231
785,2021-04-02,2021,4,23.0,100,2300.0,2294.91,130.13,140,6.01123,15.67214,201
770,2021-04-02,2021,4,23.0,1000,23000.0,22949.06,1201.0,196,5.52233,10.28393,201
605,2021-03-30,2021,3,8.75,3000,26250.0,26191.86,-5077.24,771,-16.23724,-7.68689,228
852,2021-03-26,2021,3,8.75,3000,26250.0,26191.86,1086.38,1,4.32726,1579.4499,227
848,2021-03-25,2021,3,22.8,1000,22800.0,22749.5,11725.14,72,106.35665,539.16913,9999
847,2021-03-24,2021,3,21.6,1000,21600.0,21552.16,10527.8,71,95.49579,490.92906,221
846,2021-03-23,2021,3,20.3,1000,20300.0,20255.04,9230.68,70,83.72985,436.59136,221
658,2021-03-22,2021,3,19.4,3000,58200.0,58071.1,-12284.38,480,-17.46045,-13.27722,218
828,2021-03-22,2021,3,18.0,6000,108000.0,107760.79,724.23,17,0.67662,14.52743,233
752,2021-03-17,2021,3,30.5,4000,122000.0,121729.78,-6553.73,231,-5.10879,-8.07233,9999
655,2021-03-17,2021,3,8.8,6000,52800.0,52683.05,-9253.84,491,-14.94076,-11.10667,213
648,2021-03-16,2021,3,8.65,6000,51900.0,51785.05,-10151.84,559,-16.39062,-10.70228,213
638,2021-03-15,2021,3,8.3,6000,49800.0,49689.69,-12247.2,598,-19.77368,-12.06922,213
807,2021-03-15,2021,3,23.0,500,11500.0,11474.52,400.05,33,3.61236,39.95489,201
839,2021-03-12,2021,3,23.0,200,4600.0,4589.81,160.02,30,3.61236,43.95038,201
750,2021-03-12,2021,3,30.5,4000,122000.0,121729.78,-6553.73,232,-5.10879,-8.03754,9999
836,2021-03-11,2021,3,23.0,200,4600.0,4589.81,160.02,19,3.61236,69.39534,201
795,2021-03-11,2021,3,8.0,3000,24000.0,23946.84,-4315.62,66,-15.2698,-84.44662,227
804,2021-03-11,2021,3,30.0,4000,120000.0,119734.21,-8549.3,231,-6.66438,-10.5303,9999
812,2021-03-10,2021,3,11.1,18000,199800.0,199357.46,918.91,23,0.46307,7.34872,195
825,2021-03-10,2021,3,7.7,3000,23100.0,23048.83,1400.99,8,6.47173,295.27268,227
659,2021-03-09,2021,3,19.4,3000,58200.0,58071.1,-12284.38,467,-17.46045,-13.64682,218
814,2021-03-09,2021,3,5.45,20000,109000.0,108758.58,4528.23,20,4.34444,79.28603,9999
615,2021-03-08,2021,3,8.0,6000,48000.0,47893.68,-14043.21,665,-22.67342,-12.44481,213
817,2021-03-08,2021,3,10.4,10000,104000.0,103769.65,1543.73,17,1.51012,32.42316,9999
827,2021-03-04,2021,3,11.5,10000,115000.0,114745.29,492.79,1,0.43132,157.4318,202
821,2021-03-03,2021,3,10.7,10000,107000.0,106763.01,528.23,7,0.49723,25.92699,196
809,2021-03-03,2021,3,8.95,10000,89500.0,89301.76,104.63,20,0.1173,2.14073,200
791,2021-03-02,2021,3,19.9,6000,119400.0,119135.54,21118.92,69,21.54626,113.97659,9999
823,2021-03-02,2021,3,19.2,6000,115200.0,114944.85,16928.23,69,17.27078,91.35992,9999
819,2021-02-24,2021,2,50.5,2000,101000.0,100776.3,40643.41,27,67.58932,913.70747,9999
818,2021-02-22,2021,2,45.5,2000,91000.0,90798.44,30665.55,25,50.9963,744.54598,9999
803,2021-02-19,2021,2,44.5,2000,89000.0,88802.87,28669.98,22,47.6777,791.01639,9999
793,2021-02-17,2021,2,13.5,10000,135000.0,134700.99,24457.35,51,22.18482,158.77371,221
811,2021-02-16,2021,2,162.5,700,113750.0,113498.06,6160.84,1,5.73971,2094.99415,9999
808,2021-02-15,2021,2,5.25,20000,105000.0,104767.44,4545.95,4,4.5359,413.90088,9999
797,2021-02-15,2021,2,21.5,6000,129000.0,128714.28,24083.04,31,23.01706,271.00732,9999
805,2021-02-08,2021,2,1.2,240000,288000.0,287362.11,22777.38,7,8.60873,448.88378,9999
799,2021-02-03,2021,2,46.75,2600,121550.0,121280.78,20307.63,47,20.11191,156.18824,9999
801,2021-02-01,2021,2,15.0,7000,105000.0,104767.44,236.43,7,0.22618,11.79367,9999
641,2021-01-29,2021,1,109.5,2400,262800.0,262217.92,-38446.55,535,-12.78719,-8.72397,9999
792,2021-01-27,2021,1,17.5,6000,105000.0,104767.44,7352.16,30,7.54723,91.82463,218
798,2021-01-19,2021,1,45.75,2600,118950.0,118686.53,17713.38,32,17.54266,200.09597,9999
788,2021-01-19,2021,1,43.75,2600,113750.0,113498.06,12524.91,32,12.4042,141.48541,9999
758,2021-01-04,2021,1,3.38,60000,202800.0,202350.81,25560.1,138,14.45783,38.23991,9999
691,2021-01-04,2021,1,50.25,4800,241200.0,240665.77,26592.67,270,12.42224,16.79303,9999
790,2020-12-24,2020,12,58.25,5400,314550.0,313853.3,16195.47,2,5.44097,992.97703,0
616,2020-12-21,2020,12,37.5,3000,112500.0,112250.82,-35074.77,588,-23.80766,-14.77856,188
596,2020-12-04,2020,12,35.0,3000,105000.0,104767.44,-42558.15,690,-28.88714,-15.28088,188
527,2020-12-02,2020,12,32.25,3000,96750.0,96535.71,-50789.88,898,-34.47458,-14.0125,188
657,2020-10-19,2020,10,6.07,18000,109260.0,108958.14,13106.31,334,13.67351,14.94261,0
663,2020-10-19,2020,10,6.07,18000,109260.0,108958.14,13106.31,315,13.67351,15.84391,0
665,2020-10-19,2020,10,6.07,18000,109260.0,108958.14,13106.31,300,13.67351,16.6361,0
668,2020-10-19,2020,10,6.07,18000,109260.0,108958.14,13106.31,287,13.67351,17.38966,0
719,2020-10-19,2020,10,6.07,18000,109260.0,108958.14,13106.31,150,13.67351,33.27221,0
777,2020-10-08,2020,10,51.75,6000,310500.0,309812.27,10651.12,2,3.56033,649.76023,0
773,2020-10-06,2020,10,342.0,1000,342000.0,341242.5,10511.58,13,3.17829,89.2366,0
592,2020-09-25,2020,9,8.45,6000,50700.0,50587.7,-11349.19,646,-18.3238,-10.35323,0
590,2020-09-23,2020,9,8.1,6000,48600.0,48492.36,-13444.53,645,-21.70682,-12.2837,0
587,2020-09-22,2020,9,8.0,6000,48000.0,47893.68,-14043.21,672,-22.67342,-12.31518,0
580,2020-09-21,2020,9,8.0,6000,48000.0,47893.68,-14043.21,678,-22.67342,-12.20619,0
468,2018-02-06,2018,2,22.4,27000,604800.0,603460.42,155079.49,1687,34.58655,7.48316,0
392,2018-09-28,2018,9,48.0,2200,105600.0,105366.11,-12484.34,325,-10.59337,-11.89717,0
486,2018-08-07,2018,8,26.5,12000,318000.0,317295.66,10617.9,167,3.46223,7.56715,0
491,2018-02-26,2018,2,27.5,4000,110000.0,109756.36,7530.44,5,7.36647,537.75231,0
445,2020-09-18,2020,9,7.35,6000,44100.0,44002.32,-17934.57,987,-28.9562,-10.70822,0
432,2020-09-17,2020,9,7.65,6000,45900.0,45798.34,-16138.55,1009,-26.05644,-9.42577,0
762,2020-09-16,2020,9,27.5,8000,220000.0,219512.72,11052.02,16,5.30173,120.94572,0
766,2020-09-16,2020,9,36.5,9000,328500.0,327772.4,12074.71,5,3.82477,279.20821,0
760,2020-08-28,2020,8,65.75,5000,328750.0,328021.85,12324.16,4,3.90379,356.22084,0
757,2020-08-24,2020,8,10.2,20000,204000.0,203548.16,10120.68,7,5.23229,272.82655,0
729,2020-08-24,2020,8,33.75,3000,101250.0,101025.74,9323.07,75,10.16663,49.4776,0
739,2020-08-24,2020,8,33.75,3000,101250.0,101025.74,10826.4,70,12.00275,62.58577,0
749,2020-08-24,2020,8,33.75,3000,101250.0,101025.74,1054.81,32,1.05512,12.03496,0
753,2020-08-24,2020,8,33.75,3000,101250.0,101025.74,1054.81,25,1.05512,15.40475,0
558,2020-08-11,2020,8,5.45,12000,65400.0,65255.14,-152425.93,699,-70.02259,-36.56401,0
734,2020-08-11,2020,8,5.45,6000,32700.0,32627.57,-5556.82,60,-14.5526,-88.52832,0
751,2020-08-11,2020,8,27.5,8000,220000.0,219512.72,19871.52,19,9.95362,191.21428,0
389,2020-07-30,2020,7,6.6,6000,39600.0,39512.29,-22424.6,1000,-36.20556,-13.21503,0
620,2020-07-22,2020,7,11.5,10000,115000.0,114745.29,-70664.47,428,-38.11259,-32.50256,0
618,2020-07-22,2020,7,11.0,10000,110000.0,109756.36,-75653.4,434,-40.80335,-34.31618,0
715,2020-07-17,2020,7,22.9,10000,229000.0,228492.79,15021.02,64,7.03654,40.13027,0
730,2020-07-08,2020,7,109.0,2000,218000.0,217517.15,-50074.23,27,-18.71295,-252.97136,9999
727,2020-07-02,2020,7,41.0,4000,164000.0,163636.76,-726.48,23,-0.442,-7.01435,0
746,2020-06-30,2020,6,12.9,30000,387000.0,386142.83,16325.53,5,4.41449,322.25777,0
742,2020-06-22,2020,6,4.64,15000,69600.0,69445.85,-26015.12,299,-27.2521,-33.26761,0
736,2020-06-19,2020,6,12.6,15000,189000.0,188581.38,9686.01,4,5.41434,494.05853,0
640,2020-06-17,2020,6,94.0,1200,112800.0,112550.15,-37782.09,313,-25.13239,-29.30774,0
737,2020-06-16,2020,6,4.78,40000,191200.0,190776.52,2360.12,1,1.25261,457.20265,0
705,2020-06-12,2020,6,30.25,6000,181500.0,181097.99,15732.53,44,9.51379,78.92121,0
575,2020-06-08,2020,6,53.25,2000,106500.0,106264.11,-45070.34,593,-29.78194,-18.33121,0
706,2020-06-08,2020,6,44.0,5000,220000.0,219512.72,26586.35,39,13.78057,128.972,0
726,2020-06-08,2020,6,4.1,50000,205000.0,204545.95,20138.41,7,10.9206,569.43129,0
714,2020-06-05,2020,6,10.8,5000,54000.0,53880.4,763.01,22,1.43646,23.83218,0
610,2020-06-05,2020,6,7.2,10000,72000.0,71840.53,-57445.19,456,-44.43274,-35.56568,0
675,2020-06-05,2020,6,14.2,7100,100820.0,100596.69,-446.62,91,-0.44201,-1.7729,15
535,2020-06-05,2020,6,49.0,2000,98000.0,97782.94,-53551.51,707,-35.3862,-18.26869,0
487,2020-06-05,2020,6,31.5,3000,94500.0,94290.69,-53034.9,834,-35.99843,-15.75471,0
674,2020-06-04,2020,6,14.2,12900,183180.0,182774.28,-811.44,91,-0.442,-1.77286,15
588,2020-06-04,2020,6,7.1,10000,71000.0,70842.74,-58442.98,562,-45.20451,-29.3588,0
708,2020-05-29,2020,5,68.0,3000,204000.0,203548.16,11122.9,24,5.78037,87.90979,0
529,2020-05-27,2020,5,14.8,3000,44400.0,44301.66,-26354.5,706,-37.29965,-19.28381,13
608,2020-05-27,2020,5,12.4,10000,124000.0,123725.35,-61684.41,450,-33.26924,-26.98505,0
607,2020-05-27,2020,5,11.9,10000,119000.0,118736.43,-66673.33,456,-35.95999,-28.78376,0
693,2020-05-26,2020,5,5.2,5000,26000.0,25942.41,-25170.55,887,-49.24495,-20.26427,0
713,2020-05-22,2020,5,10.8,10000,108000.0,107760.79,12049.26,9,12.58914,510.55957,0
702,2020-05-21,2020,5,30.75,4000,123000.0,122727.57,14488.36,28,13.3855,174.48955,0
532,2020-05-20,2020,5,7.4,6000,44400.0,44301.66,-64538.88,694,-59.29673,-31.18632,0
709,2020-05-19,2020,5,42.75,5000,213750.0,213276.57,12833.59,12,6.40261,194.74605,0
711,2020-05-15,2020,5,6.6,6000,39600.0,39512.29,4635.21,8,13.29013,606.36218,0
707,2020-05-15,2020,5,6.6,18000,118800.0,118536.87,3081.72,15,2.66919,64.95029,0
530,2020-05-13,2020,5,6.5,6000,39000.0,38913.62,-69926.92,692,-64.24713,-33.88758,0
567,2020-05-13,2020,5,6.2,10000,62000.0,61862.68,-67423.04,586,-52.15042,-32.48277,0
704,2020-05-13,2020,5,2.88,50000,144000.0,143681.05,8382.04,15,6.1952,150.74987,0
606,2020-05-05,2020,5,11.1,10000,111000.0,110754.15,-74655.61,434,-40.2652,-33.86359,0
673,2020-04-30,2020,4,11.0,4000,44000.0,43902.54,-30261.36,63,-40.80336,-236.40042,0
676,2020-04-28,2020,4,0.7,100000,70000.0,69844.96,-11334.45,50,-13.96222,-101.92421,0
697,2020-04-27,2020,4,64.75,1500,97125.0,96909.88,6710.54,12,7.43968,226.29027,0
700,2020-04-24,2020,4,18.2,3000,54600.0,54479.07,1562.12,3,2.95202,359.16243,0
696,2020-04-23,2020,4,72.0,1500,108000.0,107760.79,8541.51,9,8.60872,349.13142,0
701,2020-04-23,2020,4,6.0,3000,18000.0,17960.13,-20825.59,346,-53.69396,-56.64247,0
690,2020-04-21,2020,4,51.5,600,30900.0,30831.56,2569.1,12,9.09015,276.49206,0
698,2020-04-21,2020,4,54.0,3000,162000.0,161641.19,20328.89,5,14.38579,1050.16267,0
684,2020-04-16,2020,4,3.94,6000,23640.0,23587.64,2541.13,17,12.07388,259.23331,0
686,2020-04-16,2020,4,81.5,500,40750.0,40659.75,6584.44,17,19.3232,414.88047,0
678,2020-04-15,2020,4,4.64,5000,23200.0,23148.62,3104.32,29,15.4873,194.92636,0
677,2020-04-14,2020,4,4.6,5000,23000.0,22949.06,1902.55,29,9.03974,113.77604,0
685,2020-04-10,2020,4,42.0,600,25200.0,25144.19,2895.02,11,13.01181,431.75551,0
695,2020-04-10,2020,4,9.7,2000,19400.0,19357.03,-17724.92,409,-47.79932,-42.65709,0
694,2020-04-10,2020,4,4.67,4500,21015.0,20953.49,-3400.33,142,-13.9622,-35.88875,0
692,2020-04-09,2020,4,4.7,5000,23500.0,23447.94,-27665.02,841,-54.12526,-23.49075,0
687,2020-04-08,2020,4,44.25,3000,132750.0,132455.97,16700.14,7,14.42704,752.26709,0
680,2020-04-07,2020,4,25.25,1000,25250.0,25194.07,339.14,14,1.36448,35.57394,25
679,2020-03-26,2020,3,4.9,5000,24500.0,24445.73,1895.89,7,8.40755,438.39368,214
681,2020-03-26,2020,3,4.9,3100,15190.0,15156.36,1175.46,2,8.40761,1534.38883,214
682,2020-03-26,2020,3,3.7,10000,37000.0,36918.05,-213635.68,1545,-85.26542,-20.14361,0
664,2020-03-13,2020,3,27.75,3000,83250.0,83065.61,-4878.74,91,-5.54753,-22.25108,0
662,2020-03-13,2020,3,27.75,3000,83250.0,83065.61,-11643.7,95,-12.29415,-47.23542,0
654,2020-03-13,2020,3,27.75,4000,111000.0,110754.15,-17529.36,123,-13.66455,-40.54927,0
631,2020-03-13,2020,3,27.75,20000,555000.0,553770.73,194977.8,2088,54.34271,9.49956,0
522,2020-03-04,2020,3,43.25,3000,129750.0,129462.62,-97539.06,642,-42.96843,-24.42909,0
669,2020-01-14,2020,1,6.55,4000,26200.0,26141.97,-74079.52,1473,-73.9158,-18.31586,0
667,2020-01-06,2020,1,6.8,3000,20400.0,20354.81,-54811.31,1465,-72.92023,-18.16784,0
666,2020-01-02,2020,1,7.1,3000,21300.0,21252.82,-53913.3,1461,-71.72553,-17.91911,0
636,2019-12-30,2019,12,2.62,35000,91700.0,91496.89,-40394.59,166,-30.62714,-67.34281,0
634,2019-12-30,2019,12,2.64,35000,92400.0,92195.34,-39696.14,166,-30.09758,-66.17841,0
594,2019-12-27,2019,12,2.58,35000,90300.0,90100.0,-41791.48,367,-31.68626,-31.51358,0
513,2019-12-24,2019,12,68.0,2200,149600.0,149268.65,31418.2,586,26.65938,16.60525,0
497,2019-12-23,2019,12,67.5,2200,148500.0,148171.08,30320.63,658,25.72806,14.27164,0
392,2019-12-23,2019,12,67.0,2200,147400.0,147073.52,29223.07,776,24.79674,11.66342,0
639,2019-11-26,2019,11,2.94,35000,102900.0,102672.09,-29219.39,113,-22.15411,-71.55974,0
591,2019-11-20,2019,11,2.9,34300,99470.0,99249.69,-30003.96,337,-23.21324,-25.14194,0
583,2019-11-19,2019,11,2.9,35700,103530.0,103300.69,-31228.62,369,-23.21325,-22.96162,0
652,2019-10-10,2019,10,37.0,4000,148000.0,147672.19,75913.61,1933,105.79029,19.97592,0
446,2019-09-26,2019,9,31.25,8000,250000.0,249446.27,-63244.78,626,-20.22596,-11.79309,0
649,2019-09-25,2019,9,37.0,3000,111000.0,110754.15,56935.21,1918,105.79028,20.13214,0
635,2019-08-22,2019,8,34.5,3000,103500.0,103270.75,49451.81,36,91.88551,931.61698,0
609,2019-08-14,2019,8,6.95,25000,173750.0,173365.16,28044.0,161,19.29795,43.75001,0
601,2019-08-13,2019,8,72.0,8000,576000.0,574724.22,17492.74,182,3.13922,6.29569,0
614,2019-08-01,2019,8,7.2,25000,180000.0,179601.32,34280.16,85,23.58924,101.29497,0
630,2019-07-09,2019,7,32.5,3000,97500.0,97284.04,47463.94,1840,95.27066,18.8988,0
411,2019-07-08,2019,7,30.5,500,15250.0,15216.22,-28284.92,593,-65.0211,-40.02142,0
627,2019-07-02,2019,7,26.25,1000,26250.0,26191.86,-60810.42,587,-69.8952,-43.46124,0
626,2019-07-01,2019,7,25.25,1000,25250.0,25194.07,-61798.19,588,-71.03872,-44.09716,0
622,2019-06-27,2019,6,16.7,10000,167000.0,166630.11,262.44,13,0.15775,4.42913,0
619,2019-06-27,2019,6,7.65,16000,122400.0,122128.89,24312.72,37,24.85552,245.19635,0
624,2019-06-20,2019,6,25.25,500,12625.0,12597.04,-30899.09,575,-71.03871,-45.09414,0
589,2019-06-20,2019,6,6.65,25000,166250.0,165881.77,20560.61,189,14.14839,27.32361,0
623,2019-06-19,2019,6,7.4,16000,118400.0,118137.75,20321.58,29,20.77528,261.48197,0
611,2019-06-19,2019,6,23.5,8000,188000.0,187583.6,-832.8,100,-0.442,-1.6133,0
621,2019-06-14,2019,6,7.15,16000,114400.0,114146.61,16330.44,14,16.69503,435.26328,0
546,2019-05-31,2019,5,79.75,5000,398750.0,397866.81,40827.75,297,11.43509,14.05323,0
466,2019-05-07,2019,5,85.5,6000,513000.0,511863.76,734.16,456,0.14363,0.11497,0
549,2019-04-19,2019,4,15.2,18000,273600.0,272994.01,-22859.82,252,-7.72673,-11.19149,0
612,2019-04-18,2019,4,12.3,30000,369000.0,368182.7,4378.69,8,1.20358,54.91334,0
548,2019-03-26,2019,3,6.55,45000,294750.0,294097.16,949.3,228,0.32383,0.51841,0
603,2019-03-13,2019,3,12.1,30000,363000.0,362195.99,1398.63,27,0.38765,5.24045,0
556,2019-03-04,2019,3,15.0,40000,600000.0,598671.06,-653.45,178,-0.10903,-0.22357,0
499,2019-02-27,2019,2,24.5,1200,29400.0,29334.88,-75067.85,352,-71.90219,-74.55767,0
598,2019-02-26,2019,2,7.75,15000,116250.0,115992.52,9256.63,39,8.67246,81.16533,0
545,2019-02-21,2019,2,229.0,1200,274800.0,274191.34,-2419.97,198,-0.87486,-1.61275,0
537,2019-02-18,2019,2,10.4,10000,104000.0,103769.65,4049.26,221,4.06061,6.70644,0
482,2019-02-12,2019,2,60.75,4000,243000.0,242461.78,-56198.26,362,-18.8168,-18.97274,0
550,2019-02-08,2019,2,31.5,12000,378000.0,377162.77,34405.27,177,10.03779,20.6994,0
544,2019-01-25,2019,1,78.5,2500,196250.0,195815.32,17295.79,176,9.68846,20.09254,0
534,2019-01-14,2019,1,69.0,4500,310500.0,309812.27,30194.31,201,10.79842,19.60907,0
413,2018-12-28,2018,12,23.0,600,13800.0,13769.43,-38431.94,399,-73.62247,-67.34888,0
485,2018-11-13,2018,11,7.0,45000,315000.0,314302.31,-12670.3,277,-3.87503,-5.10609,0
572,2018-11-05,2018,11,9.3,15000,139500.0,139191.02,15918.59,17,12.91334,277.25701,0
576,2018-11-02,2018,11,9.3,15000,139500.0,139191.02,15918.59,283,12.91334,16.65501,0
458,2018-11-02,2018,11,9.0,15000,135000.0,134700.99,11428.56,283,9.27098,11.95727,0
512,2018-09-27,2018,9,45.25,2500,113125.0,112874.44,15784.87,136,16.25805,43.63374,0
564,2018-10-02,2018,10,49.75,2500,124375.0,124099.52,27009.95,141,27.81962,72.01533,0
488,2018-09-28,2018,9,9.25,15000,138750.0,138442.69,19980.89,218,16.86695,28.24054,0
563,2018-09-28,2018,9,47.5,2500,118750.0,118486.98,21397.41,137,22.03883,58.71659,0
498,2018-09-27,2018,9,15.1,8000,120800.0,120532.44,4275.51,205,3.67764,6.54799,0
412,2018-09-27,2018,9,14.9,8000,119200.0,118935.99,2679.06,308,2.30443,2.7309,0
359,2018-09-26,2018,9,14.9,8000,119200.0,118935.99,2679.06,372,2.30443,2.26107,0
540,2018-09-20,2018,9,8.8,15000,132000.0,131707.63,13245.83,63,11.18152,64.78182,0
293,2018-09-14,2018,9,7.3,5000,36500.0,36419.15,-50773.55,637,-58.23142,-33.36651,0
562,2018-09-14,2018,9,7.15,10000,71500.0,71341.63,6197.66,35,9.51379,99.21524,0
514,2018-09-14,2018,9,42.75,2500,106875.0,106638.28,9548.71,120,9.83495,29.91464,0
561,2018-09-13,2018,9,7.2,5000,36000.0,35920.26,-51272.44,636,-58.80359,-33.74734,0
560,2018-09-13,2018,9,32.0,4000,128000.0,127716.49,17472.85,29,15.8493,199.48257,0
518,2018-09-04,2018,9,40.0,7500,300000.0,299335.53,21220.89,106,7.63027,26.27404,0
555,2018-09-03,2018,9,32.0,4000,128000.0,127716.49,17472.85,19,15.8493,304.47339,0
509,2018-08-28,2018,8,59.0,3000,177000.0,176607.96,15752.46,197,9.79293,18.14426,0
361,2018-08-27,2018,8,14.6,4000,58400.0,58270.65,-17897.68,341,-23.49753,-25.15132,0
554,2018-08-24,2018,8,14.5,4000,58000.0,57871.54,-18296.79,338,-24.02152,-25.9404,0
552,2018-08-23,2018,8,14.1,4000,56400.0,56275.08,-19893.25,337,-26.11748,-28.28748,0
508,2018-08-23,2018,8,175.0,600,105000.0,104767.44,-465.12,119,-0.44199,-1.35568,0
551,2018-08-22,2018,8,175.0,600,105000.0,104767.44,-465.12,118,-0.44199,-1.36717,0
524,2018-08-15,2018,8,15.9,21000,333900.0,333160.45,625.54,70,0.18811,0.98086,0
547,2018-08-14,2018,8,7.4,30000,222000.0,221508.29,11043.16,7,5.24703,273.59514,0
542,2018-07-31,2018,7,28.75,12000,345000.0,344235.86,13504.94,6,4.08336,248.4044,0
494,2018-07-25,2018,7,9.2,9900,91080.0,90878.26,8526.26,145,10.35343,26.06208,0
469,2018-07-24,2018,7,11.7,30000,351000.0,350222.57,25504.94,168,7.8545,17.06484,0
541,2018-07-23,2018,7,9.2,100,920.0,917.97,86.13,143,10.35415,26.42842,0
539,2018-07-18,2018,7,8.8,10000,88000.0,87805.09,4621.25,138,5.55547,14.69382,0
476,2018-07-17,2018,7,9.1,27000,245700.0,245155.8,32736.35,155,15.41118,36.29084,0
538,2018-07-17,2018,7,30.0,3000,90000.0,89800.66,7117.93,1,8.60873,3142.18645,0
480,2018-06-25,2018,6,6.4,45000,288000.0,287362.11,-1275.78,130,-0.442,-1.241,0
378,2018-06-22,2018,6,77.5,1000,77500.0,77328.34,8676.61,246,12.63859,18.75238,0
405,2018-06-20,2018,6,2.36,90000,212400.0,211929.55,-37020.63,212,-14.8707,-25.60286,0
448,2018-06-19,2018,6,17.7,21000,371700.0,370876.72,4667.39,161,1.27451,2.88942,0
484,2018-06-05,2018,6,23.0,4000,92000.0,91796.23,10015.5,105,12.24677,42.57211,0
523,2018-06-04,2018,6,9.85,3000,29550.0,29484.55,5882.39,112,24.9231,81.2226,0
521,2018-05-31,2018,5,22.4,4000,89600.0,89401.55,7620.82,100,9.3186,34.01289,0
520,2018-05-31,2018,5,9.2,10000,92000.0,91796.23,8612.39,90,10.35344,41.98895,0
519,2018-05-23,2018,5,23.0,4000,92000.0,91796.23,10015.5,92,12.24677,48.58773,0
507,2018-05-21,2018,5,149.0,400,59600.0,59467.99,15370.53,96,34.85582,132.52473,0
318,2018-05-15,2018,5,4.5,30000,135000.0,134700.99,-66744.2,412,-33.13268,-29.35298,0
470,2018-05-14,2018,5,20.0,5000,100000.0,99778.51,-2948.52,97,-2.87025,-10.80043,0
390,2018-05-14,2018,5,11.5,6000,69000.0,68847.17,-45405.33,189,-39.74121,-76.7489,0
478,2018-05-09,2018,5,23.3,6000,139800.0,139490.35,-28881.75,84,-17.15352,-74.53613,0
462,2018-05-09,2018,5,6.5,30000,195000.0,194568.09,-106096.38,103,-35.2873,-125.04723,0
489,2018-05-08,2018,5,5.1,10000,51000.0,50887.04,-2230.35,75,-4.19891,-20.4347,0
511,2018-05-02,2018,5,135.0,400,54000.0,53880.4,9782.94,77,22.18482,105.16181,0
510,2018-05-02,2018,5,30.75,3000,92250.0,92045.67,7859.62,77,9.33601,44.25511,0
477,2018-05-02,2018,5,62.5,2000,125000.0,124723.14,18488.36,79,17.4033,80.40765,0
506,2018-04-24,2018,4,139.0,400,55600.0,55476.85,11379.39,69,25.80509,136.50519,0
479,2018-04-19,2018,4,130.5,600,78300.0,78126.57,11980.39,64,18.11199,103.29494,0
505,2018-04-05,2018,4,15.3,10000,153000.0,152661.12,-97892.61,715,-39.07051,-19.94509,0
504,2018-03-22,2018,3,117.0,200,23400.0,23348.17,1299.44,36,5.89349,59.75344,0
500,2018-03-12,2018,3,15.3,10000,153000.0,152661.12,-97892.61,745,-39.07051,-19.14193,0
420,2018-03-02,2018,3,25.0,12000,300000.0,299335.53,-7342.23,88,-2.39412,-9.93016,0
492,2018-02-27,2018,2,120.0,1000,120000.0,119734.21,9490.57,13,8.60872,241.70637,0
483,2018-02-21,2018,2,4.3,60000,258000.0,257428.56,6073.06,6,2.41612,146.98063,0
475,2018-02-20,2018,2,8.1,10000,81000.0,80820.59,7157.79,11,9.71697,322.42673,0
464,2018-02-20,2018,2,22.9,12000,274800.0,274191.34,-14446.55,22,-5.00508,-83.03883,0
473,2018-02-20,2018,2,22.9,4000,91600.0,91397.12,-806.65,14,-0.87486,-22.80885,0
391,2018-02-14,2018,2,16.8,15000,252000.0,251441.85,-4122.95,100,-1.61327,-5.88844,0
400,2018-02-06,2018,2,39.5,4000,158000.0,157650.05,9322.24,82,6.28489,27.97543,0
393,2018-02-06,2018,2,8.6,30000,258000.0,257428.56,-10162.82,89,-3.79789,-15.57562,0
443,2018-02-06,2018,2,20.9,5000,104500.0,104268.54,9058.12,33,9.51379,105.22828,0
440,2018-02-06,2018,2,17.9,5000,89500.0,89301.76,4113.49,42,4.8287,41.9637,0
428,2018-02-06,2018,2,4.06,100000,406000.0,405100.75,28267.95,533,7.50146,5.13702,0
387,2018-02-06,2018,2,54.25,2000,108500.0,108259.68,2024.9,96,1.90606,7.247,0
308,2018-02-06,2018,2,54.25,4000,217000.0,216519.37,4049.81,355,1.90607,1.95976,0
408,2018-02-06,2018,2,40.75,4000,163000.0,162638.97,23331.1,77,16.74787,79.38925,0
350,2018-02-06,2018,2,40.75,2000,81500.0,81319.48,11665.54,173,16.74785,35.33506,0
463,2018-02-02,2018,2,4.46,20000,89200.0,89002.44,13635.88,1003,18.09275,6.5841,0
465,2018-02-01,2018,2,47.0,2000,94000.0,93791.8,9605.75,24,11.41014,173.52921,0
427,2018-01-29,2018,1,4.36,20000,87200.0,87006.86,11640.3,999,15.44491,5.64304,0
296,2018-01-26,2018,1,23.8,10000,238000.0,237472.85,-43147.32,372,-15.3757,-15.08637,0
460,2018-01-25,2018,1,4.26,20000,85200.0,85011.29,9644.73,995,12.79709,4.69441,0
441,2018-01-25,2018,1,17.2,7000,120400.0,120133.32,9288.35,27,8.37959,113.27964,0
459,2018-01-23,2018,1,17.2,7000,120400.0,120133.32,9288.35,25,8.37959,122.34201,0
431,2018-01-25,2018,1,22.5,5000,112500.0,112250.82,17040.4,44,17.89762,148.46889,0
457,2018-01-23,2018,1,21.9,5000,109500.0,109257.46,14047.04,42,14.75368,128.2165,0
417,2018-01-19,2018,1,21.6,5000,108000.0,107760.79,12550.37,56,13.18172,85.91657,0
416,2018-01-18,2018,1,10.8,5000,54000.0,53880.4,11787.37,55,28.00314,185.83902,0
455,2018-01-17,2018,1,80.0,1000,80000.0,79822.81,11171.08,90,16.2721,65.99241,0
454,2018-01-17,2018,1,21.9,6000,131400.0,131108.96,11444.5,26,9.56383,134.26146,0
419,2018-01-16,2018,1,28.5,4000,114000.0,113747.5,9517.15,47,9.13088,70.91003,0
386,2018-01-12,2018,1,59.5,2000,119000.0,118736.43,11499.44,71,10.72339,55.12729,0
453,2018-01-11,2018,1,42.0,2000,84000.0,83813.95,9650.05,56,13.01179,84.80899,0
452,2018-01-10,2018,1,19.0,5000,95000.0,94789.58,9601.31,15,11.27069,274.25346,0
422,2018-01-10,2018,1,94.75,500,47375.0,47270.07,8183.69,35,20.93745,218.34769,0
449,2018-01-09,2018,1,19.0,5000,95000.0,94789.58,9601.31,14,11.27069,293.84299,0
447,2018-01-08,2018,1,58.5,2000,117000.0,116740.86,9503.87,67,8.86249,48.28073,0
421,2018-01-08,2018,1,92.0,500,46000.0,45898.11,6811.73,35,17.42737,181.74257,0
444,2018-01-04,2018,1,40.5,2000,81000.0,80820.59,11166.65,140,16.03161,41.7967,0
442,2018-01-03,2018,1,78.5,1000,78500.0,78326.12,9674.39,76,14.09198,67.67859,0
366,2018-01-03,2018,1,27.0,2500,67500.0,67350.49,15235.32,86,29.23394,124.07428,0
439,2017-12-26,2017,12,20.7,4000,82800.0,82616.6,9655.35,32,13.23353,150.94495,0
434,2017-12-25,2017,12,90.5,500,45250.0,45149.77,6063.39,130,15.51279,43.55514,0
375,2017-12-21,2017,12,83.0,2000,166000.0,165632.33,7783.48,64,4.93097,28.12194,0
437,2017-12-20,2017,12,40.75,3000,122250.0,121979.23,10733.38,34,9.64834,103.57777,0
395,2017-12-19,2017,12,19.5,8000,156000.0,155654.48,9731.99,39,6.66929,62.41771,0
436,2017-12-18,2017,12,10.5,5000,52500.0,52383.71,10290.68,24,24.44747,371.80527,0
349,2017-12-18,2017,12,32.0,2000,64000.0,63858.25,5729.79,124,9.85712,29.01491,0
435,2017-12-15,2017,12,32.0,2000,64000.0,63858.25,5729.79,121,9.85712,29.73429,0
351,2017-12-14,2017,12,87.0,1000,87000.0,86807.3,8634.54,119,11.04546,33.87893,0
433,2017-12-14,2017,12,10.1,10000,101000.0,100776.3,16590.25,20,19.70665,359.64636,0
426,2017-12-09,2017,12,4.0,10000,40000.0,39911.4,2228.12,236,5.91275,9.14472,0
424,2017-12-09,2017,12,9.4,10000,94000.0,93791.8,9605.75,15,11.41014,277.64674,0
423,2017-12-08,2017,12,25.5,2500,63750.0,63608.8,11493.63,60,22.05429,134.1636,0
397,2017-12-06,2017,12,8.5,10000,85000.0,84811.73,14656.69,23,20.89186,331.54473,0
399,2017-12-04,2017,12,17.0,7000,119000.0,118736.43,16310.07,19,15.9237,305.90266,0
418,2017-11-29,2017,11,87.0,500,43500.0,43403.65,6446.98,2,17.4447,3183.65775,0
344,2017-11-27,2017,11,34.5,2000,69000.0,68847.17,10718.71,108,18.43969,62.31932,0
415,2017-11-24,2017,11,8.5,10000,85000.0,84811.73,14656.69,13,20.89186,586.57915,0
414,2017-11-24,2017,11,16.8,7000,117600.0,117339.53,14913.17,9,14.55989,590.48443,0
410,2017-11-22,2017,11,8.0,10000,80000.0,79822.81,9667.77,9,13.78058,558.87908,0
409,2017-11-21,2017,11,16.1,7000,112700.0,112450.38,10024.02,6,9.78656,595.34907,0
407,2017-11-21,2017,11,17.2,7000,120400.0,120133.32,18408.5,33,18.09637,200.15682,0
364,2017-11-20,2017,11,16.5,7000,115500.0,115244.17,13519.35,54,13.29012,89.83137,0
406,2017-11-20,2017,11,90.75,500,45375.0,45274.49,9821.13,95,27.70155,106.43227,0
404,2017-11-17,2017,11,55.5,2000,111000.0,110754.15,3517.16,15,3.2798,79.80847,0
403,2017-11-17,2017,11,84.0,1000,84000.0,83813.95,4889.53,30,6.19521,75.37506,0
402,2017-11-17,2017,11,25.25,2500,63125.0,62985.18,10870.01,39,20.85767,195.2064,0
401,2017-11-16,2017,11,24.8,2500,62000.0,61862.68,9747.51,38,18.70379,179.65483,0
385,2017-11-15,2017,11,54.25,6000,325500.0,324779.04,12087.99,14,3.86579,100.78667,0
398,2017-11-14,2017,11,22.8,5000,114000.0,113747.5,9517.15,36,9.13088,92.57698,0
373,2017-11-14,2017,11,19.9,2500,49750.0,49639.81,10803.99,285,27.81965,35.62867,0
367,2017-11-14,2017,11,3.92,60000,235200.0,234679.06,20605.96,36,9.62567,97.5936,0
384,2017-11-01,2017,11,34.0,2000,68000.0,67849.39,9720.93,82,16.72319,74.43859,0
383,2017-10-27,2017,10,18.7,2500,46750.0,46646.46,19837.21,267,73.9939,101.15271,0
382,2017-10-25,2017,10,20.1,5000,100500.0,100277.4,9576.95,44,10.55888,87.59071,0
377,2017-10-24,2017,10,20.7,12000,248400.0,247849.82,-1100.36,5,-0.442,-32.266,0
305,2017-10-24,2017,10,9.1,14000,127400.0,127117.82,-415882.22,252,-76.58972,-110.93352,0
379,2017-10-24,2017,10,37.75,2000,75500.0,75332.77,9687.69,98,14.75768,54.96483,0
326,2017-10-17,2017,10,24.3,10000,243000.0,242461.78,-1076.44,179,-0.442,-0.90128,0
298,2017-10-16,2017,10,17.0,2500,42500.0,42405.86,15596.61,256,58.17623,82.94658,0
341,2017-10-16,2017,10,12.3,5000,61500.0,61363.78,13257.46,73,27.55867,137.79335,0
343,2017-10-16,2017,10,33.0,4000,132000.0,131707.63,15450.7,67,13.29013,72.40145,0
371,2017-10-12,2017,10,16.1,3400,54740.0,54618.76,4868.82,23,9.78658,155.30877,0
370,2017-10-12,2017,10,37.75,2000,75500.0,75332.77,9687.69,56,14.75768,96.18845,0
368,2017-10-09,2017,10,32.0,4000,128000.0,127716.49,11459.56,60,9.8571,59.96403,0
352,2017-10-04,2017,10,80.75,1000,80750.0,80571.15,9664.45,47,13.62981,105.84852,0
365,2017-10-02,2017,10,12.2,5000,61000.0,60864.89,12758.57,59,26.52161,164.07437,0
363,2017-09-26,2017,9,11.3,10000,113000.0,112749.72,16537.09,175,17.18807,35.8494,0
362,2017-09-26,2017,9,15.2,2500,38000.0,37915.83,11106.58,236,41.42816,64.07321,0
360,2017-09-22,2017,9,4.04,60000,242400.0,241863.11,35005.95,4,16.92276,1544.20185,0
355,2017-09-06,2017,9,14.6,10000,146000.0,145676.62,38439.63,216,35.8455,60.57226,0
312,2017-08-16,2017,8,15.0,10000,150000.0,149667.76,-5675.55,162,-3.65355,-8.23176,0
320,2017-08-16,2017,8,15.0,10000,150000.0,149667.76,337.74,139,0.22617,0.5939,0
335,2017-08-09,2017,8,12.5,20000,250000.0,249446.27,16932.41,50,7.28232,53.16094,0
340,2017-08-03,2017,8,31.75,8000,254000.0,253437.42,32950.14,8,14.94424,681.83095,0
297,2017-07-27,2017,7,11.6,20000,232000.0,231486.14,17012.15,182,7.93203,15.90764,0
334,2017-07-26,2017,7,71.5,3000,214500.0,214024.9,6566.42,47,3.16517,24.58058,0
323,2017-07-03,2017,7,48.0,5000,240000.0,239468.42,15222.84,75,6.78847,33.03722,0
330,2017-06-30,2017,6,0.59,100000,59000.0,58869.32,-261.36,39,-0.442,-4.13667,0
328,2017-06-29,2017,6,26.75,5000,133750.0,133453.76,18199.05,49,15.79029,117.62155,0
316,2017-06-28,2017,6,26.75,5000,133750.0,133453.76,18199.05,106,15.79029,54.37223,0
310,2017-06-27,2017,6,26.5,5000,132500.0,132206.52,16951.81,130,14.70813,41.2959,0
336,2017-06-26,2017,6,25.5,5000,127500.0,127217.59,11962.88,129,10.37952,29.36841,0
324,2017-05-05,2017,5,79.25,3000,237750.0,237223.41,9470.07,16,4.15804,94.85529,0
306,2017-02-24,2017,2,15.4,10000,154000.0,153658.91,4328.89,10,2.89887,105.80876,0
307,2017-02-23,2017,2,72.25,4000,289000.0,288359.89,11748.58,7,4.24732,221.4674,0
294,2017-02-22,2017,2,62.75,4000,251000.0,250444.06,22941.28,43,10.08396,85.5964,0
172,2017-01-17,2017,1,1.82,100000,182000.0,181595.33,-7824.9,292,-4.13097,-5.16371,0
